Position, Player, PosicionPPG, PosicionAPG, PosicionRPG, PosicionWS48, PosicionPER, PuntajeCampeonatos, PuntajeFMVP, PuntajeMVP, PuntajeAllDefense, PuntajeAllNBA, PuntajeAllStar, PuntajeRanking 
1, LeBron James, 72, 53, 0, 70, 75, 24, 24, 40, 28, 152, 54, 592
2, Kareem Abdul-Jabbar, 60, 0, 47, 69, 62, 36, 12, 60, 43, 130, 57, 576
3, Michael Jordan, 76, 0, 0, 76, 76, 36, 36, 50, 45, 106, 42, 543
4, Wilt Chamberlain, 75, 0, 76, 74, 70, 12, 6, 40, 10, 88, 39, 490
5, Tim Duncan, 0, 0, 38, 59, 60, 30, 18, 20, 61, 122, 45, 453
6, Bob Pettit, 69, 0, 74, 61, 69, 6, 0, 20, 0, 106, 33, 438
7, Shaquille O'Neal, 53, 0, 39, 57, 72, 24, 18, 10, 9, 100, 45, 427
8, Kobe Bryant, 65, 0, 0, 14, 48, 30, 12, 10, 54, 126, 54, 413
9, Jerry West, 71, 41, 0, 62, 49, 6, 6, 0, 23, 112, 42, 412
10, Magic Johnson, 0, 76, 0, 67, 59, 30, 18, 30, 0, 96, 36, 412
11, Larry Bird, 58, 30, 15, 53, 54, 18, 12, 30, 9, 96, 36, 411
12, Oscar Robertson, 68, 74, 0, 56, 51, 6, 0, 10, 0, 102, 36, 403
13, Karl Malone, 66, 0, 19, 55, 57, 0, 0, 20, 18, 124, 42, 401
14, Kevin Durant, 73, 0, 0, 63, 68, 12, 12, 10, 0, 84, 36, 358
15, Chris Paul, 0, 73, 0, 71, 63, 0, 0, 0, 41, 74, 36, 358
16, David Robinson, 33, 0, 35, 75, 71, 12, 0, 10, 32, 60, 30, 358
17, Bill Russell, 0, 0, 75, 46, 0, 66, 0, 50, 5, 78, 36, 356
18, Hakeem Olajuwon, 36, 0, 45, 27, 56, 12, 12, 10, 37, 84, 36, 355
19, Charles Barkley, 42, 0, 54, 64, 65, 0, 0, 10, 0, 82, 33, 350
20, Stephen Curry, 59, 35, 0, 54, 58, 24, 6, 20, 0, 60, 24, 340
21, James Harden, 64, 47, 0, 65, 61, 0, 0, 10, 0, 62, 30, 339
22, Elgin Baylor, 74, 0, 67, 0, 47, 6, 0, 0, 0, 100, 33, 327
23, Anthony Davis, 54, 0, 21, 60, 73, 6, 0, 0, 16, 40, 24, 294
24, Moses Malone, 17, 0, 61, 20, 37, 6, 6, 30, 8, 64, 36, 285
25, Dolph Schayes, 0, 0, 59, 44, 39, 6, 0, 0, 0, 96, 36, 280
26, Giannis Antetokounmpo, 38, 0, 0, 51, 66, 6, 6, 20, 23, 52, 18, 280
27, John Stockton, 0, 75, 0, 58, 36, 0, 0, 0, 15, 62, 30, 276
28, Kevin Garnett, 0, 0, 17, 36, 46, 6, 0, 10, 54, 62, 45, 276
29, Julius Erving, 55, 0, 0, 45, 55, 6, 0, 10, 5, 62, 33, 271
30, Nikola Jokić, 2, 27, 27, 72, 74, 0, 0, 20, 0, 36, 12, 270
31, Neil Johnston, 0, 0, 50, 73, 67, 6, 0, 0, 0, 46, 18, 260
32, Dirk Nowitzki, 27, 0, 0, 47, 44, 6, 6, 10, 0, 76, 42, 258
33, Bob Cousy, 0, 56, 0, 0, 0, 36, 0, 10, 0, 112, 39, 253
34, Russell Westbrook, 47, 67, 0, 0, 45, 0, 0, 10, 0, 54, 27, 250
35, John Havlicek, 28, 0, 0, 0, 0, 48, 6, 0, 34, 82, 39, 237
36, Kawhi Leonard, 0, 0, 0, 66, 52, 12, 12, 0, 27, 42, 15, 226
37, Karl-Anthony Towns, 50, 0, 49, 43, 64, 0, 0, 0, 0, 4, 9, 219
38, Damian Lillard, 61, 39, 0, 21, 42, 0, 0, 0, 0, 36, 18, 217
39, Rudy Gobert, 0, 0, 53, 68, 40, 0, 0, 0, 30, 12, 9, 212
40, Dwight Howard, 0, 0, 55, 17, 24, 6, 0, 0, 23, 60, 24, 209
41, Dwyane Wade, 39, 0, 0, 0, 53, 18, 6, 0, 9, 44, 39, 208
42, Allen Iverson, 70, 25, 0, 0, 15, 0, 0, 10, 0, 50, 33, 203
43, Jason Kidd, 0, 69, 0, 0, 0, 6, 0, 0, 35, 56, 30, 196
44, Elvin Hayes, 30, 0, 63, 0, 0, 6, 0, 0, 6, 48, 36, 189
45, George Gervin, 67, 0, 0, 0, 27, 0, 0, 0, 0, 62, 27, 183
46, Artis Gilmore, 0, 0, 62, 48, 28, 0, 0, 0, 23, 0, 18, 179
47, Gary Payton, 0, 44, 0, 0, 0, 6, 0, 0, 45, 54, 27, 176
48, Rick Barry, 62, 0, 0, 1, 18, 6, 6, 0, 0, 56, 24, 173
49, Isiah Thomas, 0, 72, 0, 0, 0, 12, 6, 0, 0, 42, 36, 168
50, Walt Frazier, 0, 20, 0, 26, 0, 12, 0, 0, 35, 52, 21, 166
51, Adrian Dantley, 57, 0, 0, 41, 29, 6, 0, 0, 0, 12, 18, 163
52, Harry Gallatin, 0, 0, 56, 37, 31, 0, 0, 0, 0, 16, 21, 161
53, Steve Nash, 0, 68, 0, 2, 0, 0, 0, 20, 0, 46, 24, 160
54, Paul Arizin, 48, 0, 0, 39, 0, 6, 0, 0, 0, 36, 30, 159
55, Willis Reed, 0, 0, 64, 0, 0, 12, 12, 10, 5, 34, 21, 158
56, Dominique Wilkins, 63, 0, 0, 0, 30, 0, 0, 0, 0, 38, 27, 158
57, Scottie Pippen, 0, 0, 0, 0, 0, 36, 0, 0, 46, 46, 21, 149
58, Patrick Ewing, 31, 0, 9, 0, 17, 0, 0, 0, 9, 46, 33, 145
59, Kevin Johnson, 0, 71, 0, 28, 10, 0, 0, 0, 0, 26, 9, 144
60, Yao Ming, 0, 0, 0, 52, 50, 0, 0, 0, 0, 18, 24, 144
61, George Mikan, 51, 0, 0, 0, 0, 30, 0, 0, 0, 50, 12, 143
62, Dave Cowens, 0, 0, 68, 0, 0, 12, 0, 10, 11, 18, 24, 143
63, Dennis Rodman, 0, 0, 65, 0, 0, 30, 0, 0, 38, 4, 6, 143
64, Jerry Lucas, 0, 0, 73, 0, 0, 6, 0, 0, 0, 42, 21, 142
65, Kyrie Irving, 49, 4, 0, 5, 43, 6, 0, 0, 0, 10, 21, 138
66, Bill Sharman, 0, 0, 0, 31, 0, 24, 0, 0, 0, 58, 24, 137
67, Sam Jones, 0, 0, 0, 38, 0, 60, 0, 0, 0, 18, 15, 131
68, Tiny Archibald, 0, 54, 0, 0, 0, 6, 0, 0, 0, 42, 18, 120
69, Clyde Drexler, 19, 0, 0, 19, 19, 6, 0, 0, 0, 26, 30, 119
70, Ed Macauley, 0, 0, 0, 49, 5, 6, 0, 0, 0, 36, 21, 117
71, Wes Unseld, 0, 0, 70, 0, 0, 6, 6, 10, 0, 10, 15, 117
72, Billy Cunningham, 34, 0, 28, 0, 0, 6, 0, 0, 0, 36, 12, 116
73, Dave DeBusschere, 0, 0, 43, 0, 0, 12, 0, 0, 30, 6, 24, 115
74, Sidney Moncrief, 0, 0, 0, 40, 0, 0, 0, 0, 23, 34, 15, 112
75, Nate Thurmond, 0, 0, 72, 0, 0, 0, 0, 0, 19, 0, 21, 112
76, Jimmy Butler, 0, 0, 0, 50, 20, 0, 0, 0, 15, 8, 18, 111
77, Tim Hardaway, 0, 65, 0, 0, 0, 0, 0, 0, 0, 30, 15, 110
78, Gus Johnson, 0, 0, 60, 0, 0, 0, 0, 0, 10, 24, 15, 109
79, Andre Drummond, 0, 0, 66, 0, 35, 0, 0, 0, 0, 2, 6, 109
80, Dan Issel, 45, 0, 0, 35, 25, 0, 0, 0, 0, 0, 3, 108
81, Kevin McHale, 0, 0, 0, 34, 0, 18, 0, 0, 24, 10, 21, 107
82, Bob Lanier, 9, 0, 18, 22, 33, 0, 0, 0, 0, 0, 24, 106
83, Tracy McGrady, 0, 0, 0, 0, 41, 0, 0, 0, 0, 42, 21, 104
84, Bob McAdoo, 40, 0, 0, 0, 11, 12, 0, 10, 0, 16, 15, 104
85, Kevin Love, 0, 0, 34, 13, 23, 6, 0, 0, 0, 12, 15, 103
86, Pete Maravich, 56, 0, 0, 0, 0, 0, 0, 0, 0, 32, 15, 103
87, Rajon Rondo, 0, 61, 0, 0, 0, 12, 0, 0, 16, 2, 12, 103
88, Clyde Lovellette, 0, 0, 0, 29, 32, 18, 0, 0, 0, 6, 12, 97
89, Amar'e Stoudemire, 0, 0, 0, 10, 34, 0, 0, 0, 0, 34, 18, 96
90, Bobby Jones, 0, 0, 0, 23, 0, 6, 0, 0, 53, 0, 12, 94
91, Norm Van Lier, 0, 49, 0, 0, 0, 0, 0, 0, 30, 6, 9, 94
92, Dennis Johnson, 0, 0, 0, 0, 0, 18, 6, 0, 39, 16, 15, 94
93, Carmelo Anthony, 43, 0, 0, 0, 0, 0, 0, 0, 0, 20, 30, 93
94, Bill Walton, 0, 0, 32, 0, 0, 12, 6, 10, 10, 16, 6, 92
95, Walt Bellamy, 10, 0, 69, 0, 0, 0, 0, 0, 0, 0, 12, 91
96, Chris Webber, 22, 0, 7, 0, 16, 0, 0, 0, 0, 30, 15, 90
97, Tom Heinsohn, 0, 0, 0, 0, 0, 48, 0, 0, 0, 24, 18, 90
98, John Wall, 0, 70, 0, 0, 0, 0, 0, 0, 3, 2, 15, 90
99, Spencer Haywood, 16, 0, 23, 0, 0, 6, 0, 0, 0, 32, 12, 89
100, Deron Williams, 0, 64, 0, 0, 0, 0, 0, 0, 0, 12, 9, 85
101, Maurice Cheeks, 0, 43, 0, 0, 0, 6, 0, 0, 23, 0, 12, 84
102, Norm Nixon, 0, 66, 0, 0, 0, 12, 0, 0, 0, 0, 6, 84
103, Bernard King, 44, 0, 0, 0, 0, 0, 0, 0, 0, 28, 12, 84
104, Dikembe Mutombo, 0, 0, 25, 0, 0, 0, 0, 0, 24, 10, 24, 83
105, DeMarcus Cousins, 0, 0, 20, 0, 38, 0, 0, 0, 0, 12, 12, 82
106, Alonzo Mourning, 0, 0, 0, 7, 22, 6, 0, 0, 10, 16, 21, 82
107, Bailey Howell, 0, 0, 13, 33, 0, 12, 0, 0, 0, 6, 18, 82
108, Pau Gasol, 0, 0, 0, 9, 26, 12, 0, 0, 0, 16, 18, 81
109, Slater Martin, 0, 0, 0, 0, 0, 30, 0, 0, 0, 30, 21, 81
110, George McGinnis, 13, 0, 42, 0, 0, 0, 0, 0, 0, 16, 9, 80
111, Dave Bing, 18, 14, 0, 0, 0, 0, 0, 0, 0, 26, 21, 79
112, Bill Bridges, 0, 0, 58, 0, 0, 6, 0, 0, 6, 0, 9, 79
113, Manu Ginóbili, 0, 0, 0, 42, 2, 24, 0, 0, 0, 4, 6, 78
114, Hal Greer, 0, 0, 0, 0, 0, 6, 0, 0, 0, 42, 30, 78
115, Mitch Richmond, 32, 0, 0, 0, 0, 6, 0, 0, 0, 22, 18, 78
116, David Thompson, 46, 0, 0, 0, 0, 0, 0, 0, 0, 20, 12, 78
117, Vern Mikkelsen, 0, 0, 0, 11, 0, 24, 0, 0, 0, 24, 18, 77
118, Alex English, 35, 0, 0, 0, 0, 0, 0, 0, 0, 18, 24, 77
119, Paul George, 20, 0, 0, 0, 0, 0, 0, 0, 16, 20, 21, 77
120, Mark Price, 0, 46, 0, 0, 0, 0, 0, 0, 0, 16, 12, 74
121, Draymond Green, 0, 0, 0, 0, 0, 24, 0, 0, 29, 8, 12, 73
122, Guy Rodgers, 0, 60, 0, 0, 0, 0, 0, 0, 0, 0, 12, 72
123, George Yardley, 0, 0, 0, 30, 8, 0, 0, 0, 0, 16, 18, 72
124, Micheal Ray Richardson, 0, 50, 0, 0, 0, 0, 0, 0, 10, 0, 12, 72
125, Mel Daniels, 0, 0, 71, 0, 0, 0, 0, 0, 0, 0, 0, 71
126, Devin Booker, 52, 0, 0, 0, 0, 0, 0, 0, 0, 10, 9, 71
127, Mookie Blaylock, 0, 45, 0, 0, 0, 0, 0, 0, 22, 0, 3, 70
128, Stephon Marbury, 0, 59, 0, 0, 0, 0, 0, 0, 0, 4, 6, 69
129, DeAndre Jordan, 0, 0, 24, 18, 0, 0, 0, 0, 10, 14, 3, 69
130, Ben Wallace, 0, 0, 1, 0, 0, 6, 0, 0, 28, 22, 12, 69
131, Joe Dumars, 0, 0, 0, 0, 0, 12, 6, 0, 23, 10, 18, 69
132, Lenny Wilkens, 0, 42, 0, 0, 0, 0, 0, 0, 0, 0, 27, 69
133, Tony Parker, 0, 0, 0, 0, 0, 24, 6, 0, 0, 20, 18, 68
134, Chauncey Billups, 0, 0, 0, 24, 0, 6, 6, 0, 6, 10, 15, 67
135, Mark Jackson, 0, 62, 0, 0, 0, 0, 0, 0, 0, 0, 3, 65
136, Blake Griffin, 3, 0, 0, 0, 21, 0, 0, 0, 0, 22, 18, 64
137, Jim Pollard, 0, 0, 0, 0, 0, 30, 0, 0, 0, 22, 12, 64
138, Michael Cooper, 0, 0, 0, 0, 0, 30, 0, 0, 34, 0, 0, 64
139, Kevin Porter, 0, 63, 0, 0, 0, 0, 0, 0, 0, 0, 0, 63
140, Zelmo Beaty, 0, 0, 40, 16, 0, 0, 0, 0, 0, 0, 6, 62
141, Red Kerr, 0, 0, 46, 0, 0, 6, 0, 0, 0, 0, 9, 61
142, Baron Davis, 0, 51, 0, 0, 0, 0, 0, 0, 0, 2, 6, 59
143, Robert Parish, 0, 0, 0, 0, 0, 24, 0, 0, 0, 8, 27, 59
144, DeMar DeRozan, 29, 0, 0, 0, 0, 0, 0, 0, 0, 14, 15, 58
145, Ricky Rubio, 0, 58, 0, 0, 0, 0, 0, 0, 0, 0, 0, 58
146, Rod Strickland, 0, 52, 0, 0, 0, 0, 0, 0, 0, 6, 0, 58
147, Mike Lewis, 0, 0, 57, 0, 0, 0, 0, 0, 0, 0, 0, 57
148, Chris Bosh, 0, 0, 0, 0, 6, 12, 0, 0, 0, 6, 33, 57
149, Muggsy Bogues, 0, 57, 0, 0, 0, 0, 0, 0, 0, 0, 0, 57
150, Paul Westphal, 0, 0, 0, 0, 0, 6, 0, 0, 0, 36, 15, 57
151, Jrue Holiday, 0, 32, 0, 0, 0, 6, 0, 0, 16, 0, 3, 57
152, Johnny Moore, 0, 55, 0, 0, 0, 0, 0, 0, 0, 0, 0, 55
153, Paul Silas, 0, 0, 12, 0, 0, 18, 0, 0, 19, 0, 6, 55
154, Paul Pierce, 1, 0, 0, 0, 0, 6, 6, 0, 0, 12, 30, 55
155, Kyle Lowry, 0, 29, 0, 0, 0, 6, 0, 0, 0, 2, 18, 55
156, Grant Hill, 0, 0, 0, 0, 0, 0, 0, 0, 0, 34, 21, 55
157, Walter Dukes, 0, 0, 48, 0, 0, 0, 0, 0, 0, 0, 6, 54
158, Larry Foust, 0, 0, 11, 3, 0, 0, 0, 0, 0, 16, 24, 54
159, Julius Keye, 0, 0, 44, 0, 0, 0, 0, 0, 10, 0, 0, 54
160, Bob Davies, 0, 0, 0, 0, 0, 6, 0, 0, 0, 36, 12, 54
161, Bradley Beal, 41, 0, 0, 0, 0, 0, 0, 0, 0, 2, 9, 52
162, Bruce Bowen, 0, 0, 0, 0, 0, 18, 0, 0, 34, 0, 0, 52
163, Jonas Valančiūnas, 0, 0, 0, 32, 14, 6, 0, 0, 0, 0, 0, 52
164, Ira Harge, 0, 0, 52, 0, 0, 0, 0, 0, 0, 0, 0, 52
165, Swen Nater, 0, 0, 51, 0, 0, 0, 0, 0, 0, 0, 0, 51
166, Tom Sanders, 0, 0, 0, 0, 0, 48, 0, 0, 3, 0, 0, 51
167, Jo Jo White, 0, 0, 0, 0, 0, 12, 6, 0, 0, 12, 21, 51
168, Ray Allen, 0, 0, 0, 0, 0, 12, 0, 0, 0, 8, 30, 50
169, James Worthy, 0, 0, 0, 0, 0, 18, 6, 0, 0, 4, 21, 49
170, Marques Johnson, 11, 0, 0, 0, 1, 0, 0, 0, 0, 22, 15, 49
171, LaMarcus Aldridge, 0, 0, 0, 0, 9, 0, 0, 0, 0, 18, 21, 48
172, Joel Embiid, 0, 0, 0, 0, 0, 0, 0, 0, 9, 24, 15, 48
173, John Lucas, 0, 48, 0, 0, 0, 0, 0, 0, 0, 0, 0, 48
174, K.C. Jones, 0, 0, 0, 0, 0, 48, 0, 0, 0, 0, 0, 48
175, Reggie Miller, 0, 0, 0, 25, 0, 0, 0, 0, 0, 6, 15, 46
176, Klay Thompson, 0, 0, 0, 0, 0, 24, 0, 0, 3, 4, 15, 46
177, Cliff Hagan, 0, 0, 0, 12, 0, 6, 0, 0, 0, 12, 15, 45
178, Buck Williams, 0, 0, 14, 0, 0, 0, 0, 0, 16, 6, 9, 45
179, John Drew, 25, 0, 0, 0, 12, 0, 0, 0, 0, 0, 6, 43
180, Geoff Petrie, 37, 0, 0, 0, 0, 0, 0, 0, 0, 0, 6, 43
181, Robert Horry, 0, 0, 0, 0, 0, 42, 0, 0, 0, 0, 0, 42
182, Jim Loscutoff, 0, 0, 0, 0, 0, 42, 0, 0, 0, 0, 0, 42
183, Frank Ramsey, 0, 0, 0, 0, 0, 42, 0, 0, 0, 0, 0, 42
184, Fat Lever, 0, 26, 0, 0, 0, 0, 0, 0, 3, 6, 6, 41
185, Andre Iguodala, 0, 0, 0, 0, 0, 24, 6, 0, 8, 0, 3, 41
186, Charlie Scott, 26, 0, 0, 0, 0, 6, 0, 0, 0, 0, 9, 41
187, Goose Ligon, 0, 0, 41, 0, 0, 0, 0, 0, 0, 0, 0, 41
188, Nick Van Exel, 0, 38, 0, 0, 0, 0, 0, 0, 0, 0, 3, 41
189, Alvin Robertson, 0, 0, 0, 0, 0, 0, 0, 0, 22, 6, 12, 40
190, Hassan Whiteside, 0, 0, 37, 0, 0, 0, 0, 0, 3, 0, 0, 40
191, Larry Brown, 0, 40, 0, 0, 0, 0, 0, 0, 0, 0, 0, 40
192, Gilbert Arenas, 21, 0, 0, 0, 0, 0, 0, 0, 0, 10, 9, 40
193, Horace Grant, 0, 0, 0, 0, 0, 24, 0, 0, 12, 0, 3, 39
194, Luka Dončić, 0, 0, 0, 0, 0, 0, 0, 0, 0, 30, 9, 39
195, Nikola Vučević, 0, 0, 30, 0, 3, 0, 0, 0, 0, 0, 6, 39
196, Bobby Wanzer, 0, 0, 0, 0, 0, 6, 0, 0, 0, 18, 15, 39
197, Chris Mullin, 0, 0, 0, 0, 0, 0, 0, 0, 0, 24, 15, 39
198, Sam Cassell, 0, 12, 0, 0, 0, 18, 0, 0, 0, 6, 3, 39
199, Jamaal Wilkes, 0, 0, 0, 0, 0, 24, 0, 0, 6, 0, 9, 39
200, Pooh Richardson, 0, 37, 0, 0, 0, 0, 0, 0, 0, 0, 0, 37
201, Phil Ford, 0, 31, 0, 0, 0, 0, 0, 0, 0, 6, 0, 37
202, Michael Adams, 0, 33, 0, 0, 0, 0, 0, 0, 0, 0, 3, 36
203, Andre Miller, 0, 36, 0, 0, 0, 0, 0, 0, 0, 0, 0, 36
204, Jack Sikma, 0, 0, 6, 0, 0, 6, 0, 0, 3, 0, 21, 36
205, Dan Roundfield, 0, 0, 0, 0, 0, 0, 0, 0, 21, 6, 9, 36
206, Shawn Kemp, 0, 0, 0, 0, 0, 0, 0, 0, 0, 18, 18, 36
207, Glenn Robinson, 24, 0, 0, 0, 0, 6, 0, 0, 0, 0, 6, 36
208, Lou Hudson, 12, 0, 0, 0, 0, 0, 0, 0, 0, 6, 18, 36
209, Clint Capela, 0, 0, 36, 0, 0, 0, 0, 0, 0, 0, 0, 36
210, Richie Guerin, 0, 0, 0, 0, 0, 0, 0, 0, 0, 18, 18, 36
211, Chet Walker, 0, 0, 0, 8, 0, 6, 0, 0, 0, 0, 21, 35
212, Bob Dandridge, 0, 0, 0, 0, 0, 12, 0, 0, 5, 6, 12, 35
213, Larry Nance, 0, 0, 0, 15, 0, 0, 0, 0, 11, 0, 9, 35
214, Anfernee Hardaway, 0, 0, 0, 0, 0, 0, 0, 0, 0, 22, 12, 34
215, Scott Skiles, 0, 34, 0, 0, 0, 0, 0, 0, 0, 0, 0, 34
216, Reggie Theus, 0, 28, 0, 0, 0, 0, 0, 0, 0, 0, 6, 34
217, Marc Gasol, 0, 0, 0, 0, 0, 6, 0, 0, 3, 16, 9, 34
218, Don Nelson, 0, 0, 0, 4, 0, 30, 0, 0, 0, 0, 0, 34
219, Andy Phillip, 0, 0, 0, 0, 0, 6, 0, 0, 0, 12, 15, 33
220, Paul Seymour, 0, 0, 0, 0, 0, 12, 0, 0, 0, 12, 9, 33
221, Elmore Smith, 0, 0, 33, 0, 0, 0, 0, 0, 0, 0, 0, 33
222, Don Buse, 0, 0, 0, 0, 0, 0, 0, 0, 30, 0, 3, 33
223, Happy Hairston, 0, 0, 26, 0, 0, 6, 0, 0, 0, 0, 0, 32
224, Maurice Lucas, 0, 0, 0, 0, 0, 6, 0, 0, 8, 6, 12, 32
225, Jerry Sloan, 0, 0, 0, 0, 0, 0, 0, 0, 26, 0, 6, 32
226, Vince Carter, 0, 0, 0, 0, 0, 0, 0, 0, 0, 8, 24, 32
227, Red Robbins, 0, 0, 31, 0, 0, 0, 0, 0, 0, 0, 0, 31
228, Gene Shue, 0, 0, 0, 0, 0, 0, 0, 0, 0, 16, 15, 31
229, Gail Goodrich, 0, 0, 0, 0, 0, 6, 0, 0, 0, 10, 15, 31
230, Tony Allen, 0, 0, 0, 0, 0, 6, 0, 0, 24, 0, 0, 30
231, Dick McGuire, 0, 3, 0, 0, 0, 0, 0, 0, 0, 6, 21, 30
232, Nate McMillan, 0, 24, 0, 0, 0, 0, 0, 0, 6, 0, 0, 30
233, Derek Fisher, 0, 0, 0, 0, 0, 30, 0, 0, 0, 0, 0, 30
234, Steve Kerr, 0, 0, 0, 0, 0, 30, 0, 0, 0, 0, 0, 30
235, Ron Harper, 0, 0, 0, 0, 0, 30, 0, 0, 0, 0, 0, 30
236, Larry Costello, 0, 0, 0, 0, 0, 6, 0, 0, 0, 6, 18, 30
237, Larry Siegfried, 0, 0, 0, 0, 0, 30, 0, 0, 0, 0, 0, 30
238, Willie Naulls, 0, 0, 0, 0, 0, 18, 0, 0, 0, 0, 12, 30
239, Walter Davis, 0, 0, 0, 0, 0, 0, 0, 0, 0, 12, 18, 30
240, Bob Love, 0, 0, 0, 0, 0, 0, 0, 0, 9, 12, 9, 30
241, Jack Twyman, 0, 0, 0, 0, 0, 0, 0, 0, 0, 12, 18, 30
242, Derrick Rose, 0, 0, 0, 0, 0, 0, 0, 10, 0, 10, 9, 29
243, Gerald Govan, 0, 0, 29, 0, 0, 0, 0, 0, 0, 0, 0, 29
244, Bill Laimbeer, 0, 0, 5, 0, 0, 12, 0, 0, 0, 0, 12, 29
245, Joakim Noah, 0, 0, 0, 0, 0, 0, 0, 0, 13, 10, 6, 29
246, Mark Aguirre, 7, 0, 0, 0, 0, 12, 0, 0, 0, 0, 9, 28
247, Connie Hawkins, 0, 0, 0, 6, 0, 0, 0, 0, 0, 10, 12, 28
248, Jermaine O'Neal, 0, 0, 0, 0, 0, 0, 0, 0, 0, 10, 18, 28
249, Arnie Risen, 0, 0, 4, 0, 0, 12, 0, 0, 0, 0, 12, 28
250, Gus Williams, 0, 0, 0, 0, 0, 6, 0, 0, 0, 16, 6, 28
251, Earl Monroe, 0, 0, 0, 0, 0, 6, 0, 0, 0, 10, 12, 28
252, Carl Braun, 0, 0, 0, 0, 0, 6, 0, 0, 0, 6, 15, 27
253, Metta World Peace, 0, 0, 0, 0, 0, 6, 0, 0, 16, 2, 3, 27
254, Slick Watts, 0, 22, 0, 0, 0, 0, 0, 0, 5, 0, 0, 27
255, Bob Harrison, 0, 0, 0, 0, 0, 24, 0, 0, 0, 0, 3, 27
256, Don Chaney, 0, 0, 0, 0, 0, 12, 0, 0, 15, 0, 0, 27
257, Maurice Stokes, 0, 0, 0, 0, 0, 0, 0, 0, 0, 18, 9, 27
258, Tom Gola, 0, 0, 0, 0, 0, 6, 0, 0, 0, 6, 15, 27
259, Latrell Sprewell, 0, 0, 0, 0, 0, 0, 0, 0, 3, 10, 12, 25
260, Clyde Lee, 0, 0, 22, 0, 0, 0, 0, 0, 0, 0, 3, 25
261, Steve Francis, 0, 16, 0, 0, 0, 0, 0, 0, 0, 0, 9, 25
262, World B. Free, 15, 0, 0, 0, 0, 0, 0, 0, 0, 6, 3, 24
263, Mark Eaton, 0, 0, 0, 0, 0, 0, 0, 0, 21, 0, 3, 24
264, Will Perdue, 0, 0, 0, 0, 0, 24, 0, 0, 0, 0, 0, 24
265, Pep Saul, 0, 0, 0, 0, 0, 24, 0, 0, 0, 0, 0, 24
266, A.C. Green, 0, 0, 0, 0, 0, 18, 0, 0, 3, 0, 3, 24
267, Terrell Brandon, 0, 18, 0, 0, 0, 0, 0, 0, 0, 0, 6, 24
268, Tom Chambers, 0, 0, 0, 0, 0, 0, 0, 0, 0, 12, 12, 24
269, Marcus Camby, 0, 0, 8, 0, 0, 0, 0, 0, 16, 0, 0, 24
270, John Salley, 0, 0, 0, 0, 0, 24, 0, 0, 0, 0, 0, 24
271, Gene Guarilia, 0, 0, 0, 0, 0, 24, 0, 0, 0, 0, 0, 24
272, Kurt Rambis, 0, 0, 0, 0, 0, 24, 0, 0, 0, 0, 0, 24
273, Joe Johnson, 0, 0, 0, 0, 0, 0, 0, 0, 0, 2, 21, 23
274, Brevin Knight, 0, 23, 0, 0, 0, 0, 0, 0, 0, 0, 0, 23
275, John Brisker, 23, 0, 0, 0, 0, 0, 0, 0, 0, 0, 0, 23
276, Glen Rice, 0, 0, 0, 0, 0, 6, 0, 0, 0, 8, 9, 23
277, Alex Groza, 0, 0, 0, 0, 0, 0, 0, 0, 0, 20, 3, 23
278, Shawn Marion, 0, 0, 0, 0, 0, 6, 0, 0, 0, 4, 12, 22
279, Tyson Chandler, 0, 0, 0, 0, 0, 6, 0, 0, 11, 2, 3, 22
280, Serge Ibaka, 0, 0, 0, 0, 0, 6, 0, 0, 15, 0, 0, 21
281, Danny Green, 0, 0, 0, 0, 0, 18, 0, 0, 3, 0, 0, 21
282, B.J. Armstrong, 0, 0, 0, 0, 0, 18, 0, 0, 0, 0, 3, 21
283, Phil Smith, 0, 0, 0, 0, 0, 6, 0, 0, 3, 6, 6, 21
284, Andrew Bynum, 0, 0, 0, 0, 0, 12, 0, 0, 0, 6, 3, 21
285, Damon Stoudamire, 0, 21, 0, 0, 0, 0, 0, 0, 0, 0, 0, 21
286, Wayne Embry, 0, 0, 0, 0, 0, 6, 0, 0, 0, 0, 15, 21
287, Ben Simmons, 0, 0, 0, 0, 0, 0, 0, 0, 10, 2, 9, 21
288, Phil Chenier, 0, 0, 0, 0, 0, 6, 0, 0, 0, 6, 9, 21
289, Jayson Tatum, 0, 0, 0, 0, 0, 0, 0, 0, 0, 12, 9, 21
290, Peja Stojaković, 0, 0, 0, 0, 0, 6, 0, 0, 0, 6, 9, 21
291, Scott Wedman, 0, 0, 0, 0, 0, 12, 0, 0, 3, 0, 6, 21
292, Bill Cartwright, 0, 0, 0, 0, 0, 18, 0, 0, 0, 0, 3, 21
293, Eddie Jones, 0, 0, 0, 0, 0, 0, 0, 0, 9, 2, 9, 20
294, Vin Baker, 0, 0, 0, 0, 0, 0, 0, 0, 0, 8, 12, 20
295, Kenny Anderson, 0, 17, 0, 0, 0, 0, 0, 0, 0, 0, 3, 20
296, Al Horford, 0, 0, 0, 0, 0, 0, 0, 0, 3, 2, 15, 20
297, Ralph Beard, 0, 0, 0, 0, 0, 0, 0, 0, 0, 16, 3, 19
298, Jamaal Tinsley, 0, 19, 0, 0, 0, 0, 0, 0, 0, 0, 0, 19
299, Rick Fox, 0, 0, 0, 0, 0, 18, 0, 0, 0, 0, 0, 18
300, Jud Buechler, 0, 0, 0, 0, 0, 18, 0, 0, 0, 0, 0, 18
301, David West, 0, 0, 0, 0, 0, 12, 0, 0, 0, 0, 6, 18
302, Whitey Skoog, 0, 0, 0, 0, 0, 18, 0, 0, 0, 0, 0, 18
303, Shannon Brown, 0, 0, 0, 0, 0, 18, 0, 0, 0, 0, 0, 18
304, Bill Wennington, 0, 0, 0, 0, 0, 18, 0, 0, 0, 0, 0, 18
305, Jack George, 0, 0, 0, 0, 0, 6, 0, 0, 0, 6, 6, 18
306, Tayshaun Prince, 0, 0, 0, 0, 0, 6, 0, 0, 12, 0, 0, 18
307, Mitch Kupchak, 0, 0, 0, 0, 0, 18, 0, 0, 0, 0, 0, 18
308, Rudy LaRusso, 0, 0, 0, 0, 0, 0, 0, 0, 3, 0, 15, 18
309, Otis Birdsong, 0, 0, 0, 0, 0, 0, 0, 0, 0, 6, 12, 18
310, Cedric Maxwell, 0, 0, 0, 0, 0, 12, 6, 0, 0, 0, 0, 18
311, Frankie Brian, 0, 0, 0, 0, 0, 0, 0, 0, 0, 12, 6, 18
312, Joe Fulks, 0, 0, 0, 0, 0, 6, 0, 0, 0, 6, 6, 18
313, Byron Scott, 0, 0, 0, 0, 0, 18, 0, 0, 0, 0, 0, 18
314, Devean George, 0, 0, 0, 0, 0, 18, 0, 0, 0, 0, 0, 18
315, Randy Brown, 0, 0, 0, 0, 0, 18, 0, 0, 0, 0, 0, 18
316, Brian Shaw, 0, 0, 0, 0, 0, 18, 0, 0, 0, 0, 0, 18
317, Quinn Buckner, 0, 0, 0, 0, 0, 6, 0, 0, 12, 0, 0, 18
318, Luc Longley, 0, 0, 0, 0, 0, 18, 0, 0, 0, 0, 0, 18
319, James Jones, 0, 0, 0, 0, 0, 18, 0, 0, 0, 0, 0, 18
320, JaVale McGee, 0, 0, 0, 0, 0, 18, 0, 0, 0, 0, 0, 18
321, Toni Kukoč, 0, 0, 0, 0, 0, 18, 0, 0, 0, 0, 0, 18
322, Dick Garmaker, 0, 0, 0, 0, 0, 0, 0, 0, 0, 6, 12, 18
323, Rasheed Wallace, 0, 0, 0, 0, 0, 6, 0, 0, 0, 0, 12, 18
324, Stacey King, 0, 0, 0, 0, 0, 18, 0, 0, 0, 0, 0, 18
325, Patrick McCaw, 0, 0, 0, 0, 0, 18, 0, 0, 0, 0, 0, 18
326, Dickey Simpkins, 0, 0, 0, 0, 0, 18, 0, 0, 0, 0, 0, 18
327, Malik Rose, 0, 0, 0, 0, 0, 18, 0, 0, 0, 0, 0, 18
328, Shane Battier, 0, 0, 0, 0, 0, 12, 0, 0, 6, 0, 0, 18
329, Jason Caffey, 0, 0, 0, 0, 0, 18, 0, 0, 0, 0, 0, 18
330, Kevon Looney, 0, 0, 0, 0, 0, 18, 0, 0, 0, 0, 0, 18
331, John Paxson, 0, 0, 0, 0, 0, 18, 0, 0, 0, 0, 0, 18
332, Ralph Sampson, 0, 0, 0, 0, 0, 0, 0, 0, 0, 6, 12, 18
333, Mario Elie, 0, 0, 0, 0, 0, 18, 0, 0, 0, 0, 0, 18
334, Gene Conley, 0, 0, 0, 0, 0, 18, 0, 0, 0, 0, 0, 18
335, Gerald Henderson, 0, 0, 0, 0, 0, 18, 0, 0, 0, 0, 0, 18
336, Shaun Livingston, 0, 0, 0, 0, 0, 18, 0, 0, 0, 0, 0, 18
337, Udonis Haslem, 0, 0, 0, 0, 0, 18, 0, 0, 0, 0, 0, 18
338, Scott Williams, 0, 0, 0, 0, 0, 18, 0, 0, 0, 0, 0, 18
339, James Edwards, 0, 0, 0, 0, 0, 18, 0, 0, 0, 0, 0, 18
340, Lionel Hollins, 0, 0, 0, 0, 0, 6, 0, 0, 8, 0, 3, 17
341, Brad Daugherty, 0, 0, 0, 0, 0, 0, 0, 0, 0, 2, 15, 17
342, Micheal Williams, 0, 8, 0, 0, 0, 6, 0, 0, 3, 0, 0, 17
343, Brandon Roy, 0, 0, 0, 0, 0, 0, 0, 0, 0, 8, 9, 17
344, Juwan Howard, 0, 0, 0, 0, 0, 12, 0, 0, 0, 2, 3, 17
345, Pascal Siakam, 0, 0, 0, 0, 0, 6, 0, 0, 0, 8, 3, 17
346, Jason Williams, 0, 10, 0, 0, 0, 6, 0, 0, 0, 0, 0, 16
347, Truck Robinson, 0, 0, 0, 0, 0, 0, 0, 0, 0, 10, 6, 16
348, Trooper Washington, 0, 0, 16, 0, 0, 0, 0, 0, 0, 0, 0, 16
349, Elton Brand, 0, 0, 0, 0, 4, 0, 0, 0, 0, 6, 6, 16
350, Dan Majerle, 0, 0, 0, 0, 0, 0, 0, 0, 6, 0, 9, 15
351, Danny Ainge, 0, 0, 0, 0, 0, 12, 0, 0, 0, 0, 3, 15
352, Bill Bradley, 0, 0, 0, 0, 0, 12, 0, 0, 0, 0, 3, 15
353, Jeff Mullins, 0, 0, 0, 0, 0, 6, 0, 0, 0, 0, 9, 15
354, Dick Barnett, 0, 0, 0, 0, 0, 12, 0, 0, 0, 0, 3, 15
355, Richard Hamilton, 0, 0, 0, 0, 0, 6, 0, 0, 0, 0, 9, 15
356, P.J. Brown, 0, 0, 0, 0, 0, 6, 0, 0, 9, 0, 0, 15
357, Jack Coleman, 0, 0, 0, 0, 0, 12, 0, 0, 0, 0, 3, 15
358, M.L. Carr, 0, 0, 0, 0, 0, 12, 0, 0, 3, 0, 0, 15
359, Khris Middleton, 0, 0, 0, 0, 0, 6, 0, 0, 0, 0, 9, 15
360, Anderson Varejão, 0, 0, 0, 0, 0, 12, 0, 0, 3, 0, 0, 15
361, Otis Thorpe, 0, 0, 0, 0, 0, 12, 0, 0, 0, 0, 3, 15
362, Antoine Walker, 0, 0, 0, 0, 0, 6, 0, 0, 0, 0, 9, 15
363, Paul Millsap, 0, 0, 0, 0, 0, 0, 0, 0, 3, 0, 12, 15
364, Marcus Smart, 0, 0, 0, 0, 0, 0, 0, 0, 15, 0, 0, 15
365, Don Ohl, 0, 0, 0, 0, 0, 0, 0, 0, 0, 0, 15, 15
366, Ty Lawson, 0, 15, 0, 0, 0, 0, 0, 0, 0, 0, 0, 15
367, Rudy Tomjanovich, 0, 0, 0, 0, 0, 0, 0, 0, 0, 0, 15, 15
368, Avery Bradley, 0, 0, 0, 0, 0, 6, 0, 0, 8, 0, 0, 14
369, Doug Christie, 0, 0, 0, 0, 0, 0, 0, 0, 14, 0, 0, 14
370, Rodney McCray, 0, 0, 0, 0, 0, 6, 0, 0, 8, 0, 0, 14
371, Bob Verga, 14, 0, 0, 0, 0, 0, 0, 0, 0, 0, 0, 14
372, David Lee, 0, 0, 0, 0, 0, 6, 0, 0, 0, 2, 6, 14
373, Andrei Kirilenko, 0, 0, 0, 0, 0, 0, 0, 0, 11, 0, 3, 14
374, Kemba Walker, 0, 0, 0, 0, 0, 0, 0, 0, 0, 2, 12, 14
375, Terry Cummings, 0, 0, 0, 0, 0, 0, 0, 0, 0, 8, 6, 14
376, Joe Caldwell, 0, 0, 0, 0, 0, 0, 0, 0, 8, 0, 6, 14
377, Brian Taylor, 0, 0, 0, 0, 0, 0, 0, 0, 13, 0, 0, 13
378, John Bagley, 0, 13, 0, 0, 0, 0, 0, 0, 0, 0, 0, 13
379, Max Zaslofsky, 0, 0, 0, 0, 0, 0, 0, 0, 0, 10, 3, 13
380, Paul Pressey, 0, 0, 0, 0, 0, 0, 0, 0, 13, 0, 0, 13
381, Victor Oladipo, 0, 0, 0, 0, 0, 0, 0, 0, 5, 2, 6, 13
382, Enes Freedom, 0, 0, 0, 0, 13, 0, 0, 0, 0, 0, 0, 13
383, Walt Davis, 0, 0, 0, 0, 0, 12, 0, 0, 0, 0, 0, 12
384, Lou Tsioropoulos, 0, 0, 0, 0, 0, 12, 0, 0, 0, 0, 0, 12
385, Herm Schaefer, 0, 0, 0, 0, 0, 12, 0, 0, 0, 0, 0, 12
386, Beno Udrih, 0, 0, 0, 0, 0, 12, 0, 0, 0, 0, 0, 12
387, Mike Bloom, 0, 0, 0, 0, 0, 12, 0, 0, 0, 0, 0, 12
388, Michael Finley, 0, 0, 0, 0, 0, 6, 0, 0, 0, 0, 6, 12
389, Scott Brooks, 0, 0, 0, 0, 0, 12, 0, 0, 0, 0, 0, 12
390, Luke Walton, 0, 0, 0, 0, 0, 12, 0, 0, 0, 0, 0, 12
391, Wally Walker, 0, 0, 0, 0, 0, 12, 0, 0, 0, 0, 0, 12
392, Johnny Jorgensen, 0, 0, 0, 0, 0, 12, 0, 0, 0, 0, 0, 12
393, Brook Lopez, 0, 0, 0, 0, 0, 6, 0, 0, 3, 0, 3, 12
394, Carl Herrera, 0, 0, 0, 0, 0, 12, 0, 0, 0, 0, 0, 12
395, Charles Johnson, 0, 0, 0, 0, 0, 12, 0, 0, 0, 0, 0, 12
396, D.J. Mbenga, 0, 0, 0, 0, 0, 12, 0, 0, 0, 0, 0, 12
397, Vernon Maxwell, 0, 0, 0, 0, 0, 12, 0, 0, 0, 0, 0, 12
398, Adam Morrison, 0, 0, 0, 0, 0, 12, 0, 0, 0, 0, 0, 12
399, Kenny Smith, 0, 0, 0, 0, 0, 12, 0, 0, 0, 0, 0, 12
400, Lamar Odom, 0, 0, 0, 0, 0, 12, 0, 0, 0, 0, 0, 12
401, Damian Jones, 0, 0, 0, 0, 0, 12, 0, 0, 0, 0, 0, 12
402, Josh Powell, 0, 0, 0, 0, 0, 12, 0, 0, 0, 0, 0, 12
403, Earl Cureton, 0, 0, 0, 0, 0, 12, 0, 0, 0, 0, 0, 12
404, Jerry Rullo, 0, 0, 0, 0, 0, 12, 0, 0, 0, 0, 0, 12
405, Mike McGee, 0, 0, 0, 0, 0, 12, 0, 0, 0, 0, 0, 12
406, Sidney Wicks, 0, 0, 0, 0, 0, 0, 0, 0, 0, 0, 12, 12
407, J.R. Smith, 0, 0, 0, 0, 0, 12, 0, 0, 0, 0, 0, 12
408, Dick Schnittker, 0, 0, 0, 0, 0, 12, 0, 0, 0, 0, 0, 12
409, Mark Landsberger, 0, 0, 0, 0, 0, 12, 0, 0, 0, 0, 0, 12
410, Lew Hitch, 0, 0, 0, 0, 0, 12, 0, 0, 0, 0, 0, 12
411, Howie Schultz, 0, 0, 0, 0, 0, 12, 0, 0, 0, 0, 0, 12
412, Eddie Johnson, 0, 0, 0, 0, 0, 0, 0, 0, 6, 0, 6, 12
413, Andrew Toney, 0, 0, 0, 0, 0, 6, 0, 0, 0, 0, 6, 12
414, Joel Anthony, 0, 0, 0, 0, 0, 12, 0, 0, 0, 0, 0, 12
415, Jim Brewer, 0, 0, 0, 0, 0, 6, 0, 0, 6, 0, 0, 12
416, Sasha Vujačić, 0, 0, 0, 0, 0, 12, 0, 0, 0, 0, 0, 12
417, Mike Penberthy, 0, 0, 0, 0, 0, 12, 0, 0, 0, 0, 0, 12
418, Don Carlson, 0, 0, 0, 0, 0, 12, 0, 0, 0, 0, 0, 12
419, Arnie Ferrin, 0, 0, 0, 0, 0, 12, 0, 0, 0, 0, 0, 12
420, Zaza Pachulia, 0, 0, 0, 0, 0, 12, 0, 0, 0, 0, 0, 12
421, Steve Kuberski, 0, 0, 0, 0, 0, 12, 0, 0, 0, 0, 0, 12
422, Doug Collins, 0, 0, 0, 0, 0, 0, 0, 0, 0, 0, 12, 12
423, John Thompson, 0, 0, 0, 0, 0, 12, 0, 0, 0, 0, 0, 12
424, Lonnie Shelton, 0, 0, 0, 0, 0, 6, 0, 0, 3, 0, 3, 12
425, Tony Jaros, 0, 0, 0, 0, 0, 12, 0, 0, 0, 0, 0, 12
426, Jim Paxson, 0, 0, 0, 0, 0, 0, 0, 0, 0, 6, 6, 12
427, Mel Counts, 0, 0, 0, 0, 0, 12, 0, 0, 0, 0, 0, 12
428, Zach LaVine, 6, 0, 0, 0, 0, 0, 0, 0, 0, 0, 6, 12
429, Ron Bonham, 0, 0, 0, 0, 0, 12, 0, 0, 0, 0, 0, 12
430, Tyronn Lue, 0, 0, 0, 0, 0, 12, 0, 0, 0, 0, 0, 12
431, Isaiah Thomas, 0, 0, 0, 0, 0, 0, 0, 0, 0, 6, 6, 12
432, Matt Guokas, 0, 0, 0, 0, 0, 12, 0, 0, 0, 0, 0, 12
433, James Michael McAdoo, 0, 0, 0, 0, 0, 12, 0, 0, 0, 0, 0, 12
434, John Johnson, 0, 0, 0, 0, 0, 6, 0, 0, 0, 0, 6, 12
435, Brent Barry, 0, 0, 0, 0, 0, 12, 0, 0, 0, 0, 0, 12
436, Greg Kite, 0, 0, 0, 0, 0, 12, 0, 0, 0, 0, 0, 12
437, Devin Brown, 0, 0, 0, 0, 0, 12, 0, 0, 0, 0, 0, 12
438, Mal Graham, 0, 0, 0, 0, 0, 12, 0, 0, 0, 0, 0, 12
439, Bam Adebayo, 0, 0, 0, 0, 0, 0, 0, 0, 9, 0, 3, 12
440, Mario Chalmers, 0, 0, 0, 0, 0, 12, 0, 0, 0, 0, 0, 12
441, Stanislav Medvedenko, 0, 0, 0, 0, 0, 12, 0, 0, 0, 0, 0, 12
442, Quinn Cook, 0, 0, 0, 0, 0, 12, 0, 0, 0, 0, 0, 12
443, Chris Boucher, 0, 0, 0, 0, 0, 12, 0, 0, 0, 0, 0, 12
444, Dick Van Arsdale, 0, 0, 0, 0, 0, 0, 0, 0, 3, 0, 9, 12
445, Randy Smith, 0, 0, 0, 0, 0, 0, 0, 0, 0, 6, 6, 12
446, Mel Hutchins, 0, 0, 0, 0, 0, 0, 0, 0, 0, 0, 12, 12
447, Mark Madsen, 0, 0, 0, 0, 0, 12, 0, 0, 0, 0, 0, 12
448, Mychal Thompson, 0, 0, 0, 0, 0, 12, 0, 0, 0, 0, 0, 12
449, Billy Thompson, 0, 0, 0, 0, 0, 12, 0, 0, 0, 0, 0, 12
450, Mike Smrek, 0, 0, 0, 0, 0, 12, 0, 0, 0, 0, 0, 12
451, Wes Matthews, 0, 0, 0, 0, 0, 12, 0, 0, 0, 0, 0, 12
452, Craig Hodges, 0, 0, 0, 0, 0, 12, 0, 0, 0, 0, 0, 12
453, James Posey, 0, 0, 0, 0, 0, 12, 0, 0, 0, 0, 0, 12
454, Johnny Green, 0, 0, 0, 0, 0, 0, 0, 0, 0, 0, 12, 12
455, Matt Bonner, 0, 0, 0, 0, 0, 12, 0, 0, 0, 0, 0, 12
456, Larry Johnson, 0, 0, 0, 0, 0, 0, 0, 0, 0, 6, 6, 12
457, Dexter Pittman, 0, 0, 0, 0, 0, 12, 0, 0, 0, 0, 0, 12
458, Lindsey Hunter, 0, 0, 0, 0, 0, 12, 0, 0, 0, 0, 0, 12
459, Mike Miller, 0, 0, 0, 0, 0, 12, 0, 0, 0, 0, 0, 12
460, Caron Butler, 0, 0, 0, 0, 0, 6, 0, 0, 0, 0, 6, 12
461, Vinnie Johnson, 0, 0, 0, 0, 0, 12, 0, 0, 0, 0, 0, 12
462, Terrel Harris, 0, 0, 0, 0, 0, 12, 0, 0, 0, 0, 0, 12
463, Jim Holstein, 0, 0, 0, 0, 0, 12, 0, 0, 0, 0, 0, 12
464, Chuck Nevitt, 0, 0, 0, 0, 0, 12, 0, 0, 0, 0, 0, 12
465, Cliff Levingston, 0, 0, 0, 0, 0, 12, 0, 0, 0, 0, 0, 12
466, Norris Cole, 0, 0, 0, 0, 0, 12, 0, 0, 0, 0, 0, 12
467, Rolando Blackman, 0, 0, 0, 0, 0, 0, 0, 0, 0, 0, 12, 12
468, Dennis Hopson, 0, 0, 0, 0, 0, 12, 0, 0, 0, 0, 0, 12
469, Archie Clark, 0, 0, 0, 0, 0, 0, 0, 0, 0, 6, 6, 12
470, Red Rocha, 0, 0, 0, 0, 0, 6, 0, 0, 0, 0, 6, 12
471, Sean Elliott, 0, 0, 0, 0, 0, 6, 0, 0, 0, 0, 6, 12
472, Jackie Moore, 0, 0, 0, 0, 0, 12, 0, 0, 0, 0, 0, 12
473, Rashard Lewis, 0, 0, 0, 0, 0, 6, 0, 0, 0, 0, 6, 12
474, Connie Simmons, 0, 0, 0, 0, 0, 12, 0, 0, 0, 0, 0, 12
475, Frank Selvy, 0, 0, 0, 0, 0, 6, 0, 0, 0, 0, 6, 12
476, Jordan Farmar, 0, 0, 0, 0, 0, 12, 0, 0, 0, 0, 0, 12
477, Andrew Bogut, 0, 0, 0, 0, 0, 6, 0, 0, 3, 2, 0, 11
478, Charles Oakley, 0, 0, 0, 0, 0, 0, 0, 0, 8, 0, 3, 11
479, Detlef Schrempf, 0, 0, 0, 0, 0, 0, 0, 0, 0, 2, 9, 11
480, Sherman Douglas, 0, 11, 0, 0, 0, 0, 0, 0, 0, 0, 0, 11
481, Patrick Beverley, 0, 0, 0, 0, 0, 0, 0, 0, 11, 0, 0, 11
482, Kevin Willis, 0, 0, 0, 0, 0, 6, 0, 0, 0, 2, 3, 11
483, Caldwell Jones, 0, 0, 0, 0, 0, 0, 0, 0, 10, 0, 0, 10
484, Fatty Taylor, 0, 0, 0, 0, 0, 0, 0, 0, 10, 0, 0, 10
485, Willie Wise, 0, 0, 0, 0, 0, 0, 0, 0, 10, 0, 0, 10
486, Mike Gale, 0, 0, 0, 0, 0, 0, 0, 0, 10, 0, 0, 10
487, Kiki Vandeweghe, 4, 0, 0, 0, 0, 0, 0, 0, 0, 0, 6, 10
488, Ray Scott, 0, 0, 10, 0, 0, 0, 0, 0, 0, 0, 0, 10
489, Cazzie Russell, 0, 0, 0, 0, 0, 6, 0, 0, 0, 0, 3, 9
490, Ja Morant, 0, 0, 0, 0, 0, 0, 0, 0, 0, 6, 3, 9
491, T.R. Dunn, 0, 0, 0, 0, 0, 0, 0, 0, 9, 0, 0, 9
492, Donovan Mitchell, 0, 0, 0, 0, 0, 0, 0, 0, 0, 0, 9, 9
493, Fred Brown, 0, 0, 0, 0, 0, 6, 0, 0, 0, 0, 3, 9
494, Theo Ratliff, 0, 0, 0, 0, 0, 0, 0, 0, 6, 0, 3, 9
495, Steve Smith, 0, 0, 0, 0, 0, 6, 0, 0, 0, 0, 3, 9
496, Bob Kauffman, 0, 0, 0, 0, 0, 0, 0, 0, 0, 0, 9, 9
497, Tom Van Arsdale, 0, 0, 0, 0, 0, 0, 0, 0, 0, 0, 9, 9
498, George Johnson, 0, 0, 0, 0, 0, 6, 0, 0, 3, 0, 0, 9
499, Clifford Robinson, 0, 0, 0, 0, 0, 0, 0, 0, 6, 0, 3, 9
500, Paul Walther, 0, 0, 0, 0, 0, 6, 0, 0, 0, 0, 3, 9
501, Bob Gross, 0, 0, 0, 0, 0, 6, 0, 0, 3, 0, 0, 9
502, Butch Beard, 0, 0, 0, 0, 0, 6, 0, 0, 0, 0, 3, 9
503, Mo Williams, 0, 0, 0, 0, 0, 6, 0, 0, 0, 0, 3, 9
504, Flynn Robinson, 0, 0, 0, 0, 0, 6, 0, 0, 0, 0, 3, 9
505, Mike Riordan, 0, 0, 0, 0, 0, 6, 0, 0, 3, 0, 0, 9
506, Julius Randle, 0, 0, 0, 0, 0, 0, 0, 0, 0, 6, 3, 9
507, Bob Boozer, 0, 0, 0, 0, 0, 6, 0, 0, 0, 0, 3, 9
508, Jon McGlocklin, 0, 0, 0, 0, 0, 6, 0, 0, 0, 0, 3, 9
509, Roy Hibbert, 0, 0, 0, 0, 0, 0, 0, 0, 3, 0, 6, 9
510, Luol Deng, 0, 0, 0, 0, 0, 0, 0, 0, 3, 0, 6, 9
511, Fred Schaus, 0, 0, 0, 0, 0, 0, 0, 0, 0, 6, 3, 9
512, Fred VanVleet, 0, 0, 0, 0, 0, 6, 0, 0, 0, 0, 3, 9
513, Bill Gabor, 0, 0, 0, 0, 0, 6, 0, 0, 0, 0, 3, 9
514, T.J. Ford, 0, 9, 0, 0, 0, 0, 0, 0, 0, 0, 0, 9
515, Luke Jackson, 0, 0, 0, 0, 0, 6, 0, 0, 0, 0, 3, 9
516, Terry Dischinger, 0, 0, 0, 0, 0, 0, 0, 0, 0, 0, 9, 9
517, Mehmet Okur, 0, 0, 0, 0, 0, 6, 0, 0, 0, 0, 3, 9
518, Jeff Teague, 0, 0, 0, 0, 0, 6, 0, 0, 0, 0, 3, 9
519, Al Jefferson, 0, 0, 0, 0, 7, 0, 0, 0, 0, 2, 0, 9
520, Jim Cleamons, 0, 0, 0, 0, 0, 6, 0, 0, 3, 0, 0, 9
521, Woody Sauldsberry, 0, 0, 0, 0, 0, 6, 0, 0, 0, 0, 3, 9
522, Andrew Wiggins, 0, 0, 0, 0, 0, 6, 0, 0, 0, 0, 3, 9
523, Rick Mahorn, 0, 0, 0, 0, 0, 6, 0, 0, 3, 0, 0, 9
524, Kermit Washington, 0, 0, 0, 0, 0, 0, 0, 0, 6, 0, 3, 9
525, Trae Young, 0, 0, 0, 0, 0, 0, 0, 0, 0, 2, 6, 8
526, Darel Carrier, 8, 0, 0, 0, 0, 0, 0, 0, 0, 0, 0, 8
527, Zach Randolph, 0, 0, 0, 0, 0, 0, 0, 0, 0, 2, 6, 8
528, Eric Bledsoe, 0, 0, 0, 0, 0, 0, 0, 0, 8, 0, 0, 8
529, Gerald Wallace, 0, 0, 0, 0, 0, 0, 0, 0, 5, 0, 3, 8
530, Anthony Mason, 0, 0, 0, 0, 0, 0, 0, 0, 3, 2, 3, 8
531, Carlos Boozer, 0, 0, 0, 0, 0, 0, 0, 0, 0, 2, 6, 8
532, E.C. Coleman, 0, 0, 0, 0, 0, 0, 0, 0, 8, 0, 0, 8
533, Raja Bell, 0, 0, 0, 0, 0, 0, 0, 0, 8, 0, 0, 8
534, Mike Mitchell, 5, 0, 0, 0, 0, 0, 0, 0, 0, 0, 3, 8
535, Tree Rollins, 0, 0, 0, 0, 0, 0, 0, 0, 8, 0, 0, 8
536, Mike Conley, 0, 1, 0, 0, 0, 0, 0, 0, 3, 0, 3, 7
537, Derrick Coleman, 0, 0, 0, 0, 0, 0, 0, 0, 0, 4, 3, 7
538, Ray Williams, 0, 7, 0, 0, 0, 0, 0, 0, 0, 0, 0, 7
539, Nate Bowman, 0, 0, 0, 0, 0, 6, 0, 0, 0, 0, 0, 6
540, Bill Hosket, 0, 0, 0, 0, 0, 6, 0, 0, 0, 0, 0, 6
541, Don May, 0, 0, 0, 0, 0, 6, 0, 0, 0, 0, 0, 6
542, Jeff Dowtin, 0, 0, 0, 0, 0, 6, 0, 0, 0, 0, 0, 6
543, Dave Stallworth, 0, 0, 0, 0, 0, 6, 0, 0, 0, 0, 0, 6
544, John Warren, 0, 0, 0, 0, 0, 6, 0, 0, 0, 0, 0, 6
545, Jim Barnes, 0, 0, 0, 0, 0, 6, 0, 0, 0, 0, 0, 6
546, Em Bryant, 0, 0, 0, 0, 0, 6, 0, 0, 0, 0, 0, 6
547, Rich Johnson, 0, 0, 0, 0, 0, 6, 0, 0, 0, 0, 0, 6
548, Bud Olsen, 0, 0, 0, 0, 0, 6, 0, 0, 0, 0, 0, 6
549, Lucius Allen, 0, 0, 0, 0, 0, 6, 0, 0, 0, 0, 0, 6
550, Johnny Jones, 0, 0, 0, 0, 0, 6, 0, 0, 0, 0, 0, 6
551, Tom Thacker, 0, 0, 0, 0, 0, 6, 0, 0, 0, 0, 0, 6
552, Rick Weitzman, 0, 0, 0, 0, 0, 6, 0, 0, 0, 0, 0, 6
553, Dave Gambee, 0, 0, 0, 0, 0, 6, 0, 0, 0, 0, 0, 6
554, Chris Chiozza, 0, 0, 0, 0, 0, 6, 0, 0, 0, 0, 0, 6
555, Wali Jones, 0, 0, 0, 0, 0, 6, 0, 0, 0, 0, 0, 6
556, Bill Melchionni, 0, 0, 0, 0, 0, 6, 0, 0, 0, 0, 0, 6
557, Bob Weiss, 0, 0, 0, 0, 0, 6, 0, 0, 0, 0, 0, 6
558, Si Green, 0, 0, 0, 0, 0, 6, 0, 0, 0, 0, 0, 6
559, Nemanja Bjelica, 0, 0, 0, 0, 0, 6, 0, 0, 0, 0, 0, 6
560, Ron Watts, 0, 0, 0, 0, 0, 6, 0, 0, 0, 0, 0, 6
561, Bevo Nordmann, 0, 0, 0, 0, 0, 6, 0, 0, 0, 0, 0, 6
562, Gerry Ward, 0, 0, 0, 0, 0, 6, 0, 0, 0, 0, 0, 6
563, Johnny McCarthy, 0, 0, 0, 0, 0, 6, 0, 0, 0, 0, 0, 6
564, Jack Foley, 0, 0, 0, 0, 0, 6, 0, 0, 0, 0, 0, 6
565, Dan Swartz, 0, 0, 0, 0, 0, 6, 0, 0, 0, 0, 0, 6
566, Al Butler, 0, 0, 0, 0, 0, 6, 0, 0, 0, 0, 0, 6
567, Gary Phillips, 0, 0, 0, 0, 0, 6, 0, 0, 0, 0, 0, 6
568, Maurice King, 0, 0, 0, 0, 0, 6, 0, 0, 0, 0, 0, 6
569, John Richter, 0, 0, 0, 0, 0, 6, 0, 0, 0, 0, 0, 6
570, Bennie Swain, 0, 0, 0, 0, 0, 6, 0, 0, 0, 0, 0, 6
571, Jack McMahon, 0, 0, 0, 0, 0, 6, 0, 0, 0, 0, 0, 6
572, Red Morrison, 0, 0, 0, 0, 0, 6, 0, 0, 0, 0, 0, 6
573, Med Park, 0, 0, 0, 0, 0, 6, 0, 0, 0, 0, 0, 6
574, Worthy Patterson, 0, 0, 0, 0, 0, 6, 0, 0, 0, 0, 0, 6
575, Chuck Share, 0, 0, 0, 0, 0, 6, 0, 0, 0, 0, 0, 6
576, Win Wilfong, 0, 0, 0, 0, 0, 6, 0, 0, 0, 0, 0, 6
577, Dick Hemric, 0, 0, 0, 0, 0, 6, 0, 0, 0, 0, 0, 6
578, Jack Nichols, 0, 0, 0, 0, 0, 6, 0, 0, 0, 0, 0, 6
579, Togo Palazzi, 0, 0, 0, 0, 0, 6, 0, 0, 0, 0, 0, 6
580, Fred Scolari, 0, 0, 0, 0, 0, 0, 0, 0, 0, 0, 6, 6
581, Ernie Beck, 0, 0, 0, 0, 0, 6, 0, 0, 0, 0, 0, 6
582, Joe Graboski, 0, 0, 0, 0, 0, 6, 0, 0, 0, 0, 0, 6
583, Larry Hennessy, 0, 0, 0, 0, 0, 6, 0, 0, 0, 0, 0, 6
584, Bob Schafer, 0, 0, 0, 0, 0, 6, 0, 0, 0, 0, 0, 6
585, Dick Farley, 0, 0, 0, 0, 0, 6, 0, 0, 0, 0, 0, 6
586, Billy Kenville, 0, 0, 0, 0, 0, 6, 0, 0, 0, 0, 0, 6
587, George King, 0, 0, 0, 0, 0, 6, 0, 0, 0, 0, 0, 6
588, Earl Lloyd, 0, 0, 0, 0, 0, 6, 0, 0, 0, 0, 0, 6
589, Wally Osterkorn, 0, 0, 0, 0, 0, 6, 0, 0, 0, 0, 0, 6
590, Jim Tucker, 0, 0, 0, 0, 0, 6, 0, 0, 0, 0, 0, 6
591, Jim Fritsche, 0, 0, 0, 0, 0, 6, 0, 0, 0, 0, 0, 6
592, Joe Hutton, 0, 0, 0, 0, 0, 6, 0, 0, 0, 0, 0, 6
593, John Pilch, 0, 0, 0, 0, 0, 6, 0, 0, 0, 0, 0, 6
594, Bill Calhoun, 0, 0, 0, 0, 0, 6, 0, 0, 0, 0, 0, 6
595, Red Holzman, 0, 0, 0, 0, 0, 6, 0, 0, 0, 0, 0, 6
596, Arnie Johnson, 0, 0, 0, 0, 0, 6, 0, 0, 0, 0, 0, 6
597, Joe McNamee, 0, 0, 0, 0, 0, 6, 0, 0, 0, 0, 0, 6
598, Ed Mikan, 0, 0, 0, 0, 0, 6, 0, 0, 0, 0, 0, 6
599, Paul Noel, 0, 0, 0, 0, 0, 6, 0, 0, 0, 0, 0, 6
600, Normie Glick, 0, 0, 0, 0, 0, 6, 0, 0, 0, 0, 0, 6
601, Bud Grant, 0, 0, 0, 0, 0, 6, 0, 0, 0, 0, 0, 6
602, Gene Stump, 0, 0, 0, 0, 0, 6, 0, 0, 0, 0, 0, 6
603, Billy Hassett, 0, 0, 0, 0, 0, 6, 0, 0, 0, 0, 0, 6
604, Jack Dwan, 0, 0, 0, 0, 0, 6, 0, 0, 0, 0, 0, 6
605, Ray Ellefson, 0, 0, 0, 0, 0, 6, 0, 0, 0, 0, 0, 6
606, Donnie Forman, 0, 0, 0, 0, 0, 6, 0, 0, 0, 0, 0, 6
607, Earl Gardner, 0, 0, 0, 0, 0, 6, 0, 0, 0, 0, 0, 6
608, Whitey Kachan, 0, 0, 0, 0, 0, 6, 0, 0, 0, 0, 0, 6
609, Don Smith, 0, 0, 0, 0, 0, 6, 0, 0, 0, 0, 0, 6
610, Jack Tingle, 0, 0, 0, 0, 0, 6, 0, 0, 0, 0, 0, 6
611, John Abramovic, 0, 0, 0, 0, 0, 6, 0, 0, 0, 0, 0, 6
612, Herm Fuetsch, 0, 0, 0, 0, 0, 6, 0, 0, 0, 0, 0, 6
613, Elmer Gainer, 0, 0, 0, 0, 0, 6, 0, 0, 0, 0, 0, 6
614, Kleggie Hermsen, 0, 0, 0, 0, 0, 6, 0, 0, 0, 0, 0, 6
615, Paul Hoffman, 0, 0, 0, 0, 0, 6, 0, 0, 0, 0, 0, 6
616, Buddy Jeannette, 0, 0, 0, 0, 0, 6, 0, 0, 0, 0, 0, 6
617, Herm Klotz, 0, 0, 0, 0, 0, 6, 0, 0, 0, 0, 0, 6
618, Grady Lewis, 0, 0, 0, 0, 0, 6, 0, 0, 0, 0, 0, 6
619, Chet McNabb, 0, 0, 0, 0, 0, 6, 0, 0, 0, 0, 0, 6
620, Carl Meinhold, 0, 0, 0, 0, 0, 6, 0, 0, 0, 0, 0, 6
621, Chick Reiser, 0, 0, 0, 0, 0, 6, 0, 0, 0, 0, 0, 6
622, Irv Rothenberg, 0, 0, 0, 0, 0, 6, 0, 0, 0, 0, 0, 6
623, Dick Schulz, 0, 0, 0, 0, 0, 6, 0, 0, 0, 0, 0, 6
624, Howie Dallmar, 0, 0, 0, 0, 0, 6, 0, 0, 0, 0, 0, 6
625, Jerry Fleishman, 0, 0, 0, 0, 0, 6, 0, 0, 0, 0, 0, 6
626, Art Hillhouse, 0, 0, 0, 0, 0, 6, 0, 0, 0, 0, 0, 6
627, Ralph Kaplowitz, 0, 0, 0, 0, 0, 6, 0, 0, 0, 0, 0, 6
628, John Murphy, 0, 0, 0, 0, 0, 6, 0, 0, 0, 0, 0, 6
629, Angelo Musi, 0, 0, 0, 0, 0, 6, 0, 0, 0, 0, 0, 6
630, Petey Rosenberg, 0, 0, 0, 0, 0, 6, 0, 0, 0, 0, 0, 6
631, George Senesky, 0, 0, 0, 0, 0, 6, 0, 0, 0, 0, 0, 6
632, Fred Sheffield, 0, 0, 0, 0, 0, 6, 0, 0, 0, 0, 0, 6
633, Leo Barnhorst, 0, 0, 0, 0, 0, 0, 0, 0, 0, 0, 6, 6
634, Domantas Sabonis, 0, 0, 0, 0, 0, 0, 0, 0, 0, 0, 6, 6
635, Dejounte Murray, 0, 0, 0, 0, 0, 0, 0, 0, 3, 0, 3, 6
636, Antawn Jamison, 0, 0, 0, 0, 0, 0, 0, 0, 0, 0, 6, 6
637, José Calderón, 0, 6, 0, 0, 0, 0, 0, 0, 0, 0, 0, 6
638, Zydrunas Ilgauskas, 0, 0, 0, 0, 0, 0, 0, 0, 0, 0, 6, 6
639, Brad Miller, 0, 0, 0, 0, 0, 0, 0, 0, 0, 0, 6, 6
640, Jerry Stackhouse, 0, 0, 0, 0, 0, 0, 0, 0, 0, 0, 6, 6
641, John Starks, 0, 0, 0, 0, 0, 0, 0, 0, 3, 0, 3, 6
642, Danny Manning, 0, 0, 0, 0, 0, 0, 0, 0, 0, 0, 6, 6
643, Terry Porter, 0, 0, 0, 0, 0, 0, 0, 0, 0, 0, 6, 6
644, Kevin Duckworth, 0, 0, 0, 0, 0, 0, 0, 0, 0, 0, 6, 6
645, Jeff Malone, 0, 0, 0, 0, 0, 0, 0, 0, 0, 0, 6, 6
646, Jeff Ruland, 0, 0, 0, 0, 0, 0, 0, 0, 0, 0, 6, 6
647, Kelly Tripucka, 0, 0, 0, 0, 0, 0, 0, 0, 0, 0, 6, 6
648, George Dempsey, 0, 0, 0, 0, 0, 6, 0, 0, 0, 0, 0, 6
649, Dion Waiters, 0, 0, 0, 0, 0, 6, 0, 0, 0, 0, 0, 6
650, OG Anunoby, 0, 0, 0, 0, 0, 6, 0, 0, 0, 0, 0, 6
651, Lorenzo Brown, 0, 0, 0, 0, 0, 6, 0, 0, 0, 0, 0, 6
652, Alex Caruso, 0, 0, 0, 0, 0, 6, 0, 0, 0, 0, 0, 6
653, Jeremy Lin, 0, 0, 0, 0, 0, 6, 0, 0, 0, 0, 0, 6
654, Jordan Loyd, 0, 0, 0, 0, 0, 6, 0, 0, 0, 0, 0, 6
655, Jodie Meeks, 0, 0, 0, 0, 0, 6, 0, 0, 0, 0, 0, 6
656, C.J. Miles, 0, 0, 0, 0, 0, 6, 0, 0, 0, 0, 0, 6
657, Malcolm Miller, 0, 0, 0, 0, 0, 6, 0, 0, 0, 0, 0, 6
658, Greg Monroe, 0, 0, 0, 0, 0, 6, 0, 0, 0, 0, 0, 6
659, Eric Moreland, 0, 0, 0, 0, 0, 6, 0, 0, 0, 0, 0, 6
660, Norman Powell, 0, 0, 0, 0, 0, 6, 0, 0, 0, 0, 0, 6
661, Malachi Richardson, 0, 0, 0, 0, 0, 6, 0, 0, 0, 0, 0, 6
662, Delon Wright, 0, 0, 0, 0, 0, 6, 0, 0, 0, 0, 0, 6
663, Jordan Bell, 0, 0, 0, 0, 0, 6, 0, 0, 0, 0, 0, 6
664, Omri Casspi, 0, 0, 0, 0, 0, 6, 0, 0, 0, 0, 0, 6
665, Matt Barnes, 0, 0, 0, 0, 0, 6, 0, 0, 0, 0, 0, 6
666, Ian Clark, 0, 0, 0, 0, 0, 6, 0, 0, 0, 0, 0, 6
667, Briante Weber, 0, 0, 0, 0, 0, 6, 0, 0, 0, 0, 0, 6
668, Talen Horton-Tucker, 0, 0, 0, 0, 0, 6, 0, 0, 0, 0, 0, 6
669, Kentavious Caldwell-Pope, 0, 0, 0, 0, 0, 6, 0, 0, 0, 0, 0, 6
670, Nick Young, 0, 0, 0, 0, 0, 6, 0, 0, 0, 0, 0, 6
671, Channing Frye, 0, 0, 0, 0, 0, 6, 0, 0, 0, 0, 0, 6
672, Joe Harris, 0, 0, 0, 0, 0, 6, 0, 0, 0, 0, 0, 6
673, Richard Jefferson, 0, 0, 0, 0, 0, 6, 0, 0, 0, 0, 0, 6
674, Dahntay Jones, 0, 0, 0, 0, 0, 6, 0, 0, 0, 0, 0, 6
675, Sasha Kaun, 0, 0, 0, 0, 0, 6, 0, 0, 0, 0, 0, 6
676, Jordan McRae, 0, 0, 0, 0, 0, 6, 0, 0, 0, 0, 0, 6
677, Timofey Mozgov, 0, 0, 0, 0, 0, 6, 0, 0, 0, 0, 0, 6
678, Iman Shumpert, 0, 0, 0, 0, 0, 6, 0, 0, 0, 0, 0, 6
679, Tristan Thompson, 0, 0, 0, 0, 0, 6, 0, 0, 0, 0, 0, 6
680, Allan Houston, 0, 0, 0, 0, 0, 0, 0, 0, 0, 0, 6, 6
681, Harrison Barnes, 0, 0, 0, 0, 0, 6, 0, 0, 0, 0, 0, 6
682, Jonathan Kuminga, 0, 0, 0, 0, 0, 6, 0, 0, 0, 0, 0, 6
683, Festus Ezeli, 0, 0, 0, 0, 0, 6, 0, 0, 0, 0, 0, 6
684, Justin Holiday, 0, 0, 0, 0, 0, 6, 0, 0, 0, 0, 0, 6
685, Ognjen Kuzmić, 0, 0, 0, 0, 0, 6, 0, 0, 0, 0, 0, 6
686, Brandon Rush, 0, 0, 0, 0, 0, 6, 0, 0, 0, 0, 0, 6
687, Marreese Speights, 0, 0, 0, 0, 0, 6, 0, 0, 0, 0, 0, 6
688, Jeff Ayres, 0, 0, 0, 0, 0, 6, 0, 0, 0, 0, 0, 6
689, Aron Baynes, 0, 0, 0, 0, 0, 6, 0, 0, 0, 0, 0, 6
690, Marco Belinelli, 0, 0, 0, 0, 0, 6, 0, 0, 0, 0, 0, 6
691, Austin Daye, 0, 0, 0, 0, 0, 6, 0, 0, 0, 0, 0, 6
692, Nando De Colo, 0, 0, 0, 0, 0, 6, 0, 0, 0, 0, 0, 6
693, Boris Diaw, 0, 0, 0, 0, 0, 6, 0, 0, 0, 0, 0, 6
694, Damion James, 0, 0, 0, 0, 0, 6, 0, 0, 0, 0, 0, 6
695, Othyus Jeffers, 0, 0, 0, 0, 0, 6, 0, 0, 0, 0, 0, 6
696, Cory Joseph, 0, 0, 0, 0, 0, 6, 0, 0, 0, 0, 0, 6
697, Patty Mills, 0, 0, 0, 0, 0, 6, 0, 0, 0, 0, 0, 6
698, Devontae Cacok, 0, 0, 0, 0, 0, 6, 0, 0, 0, 0, 0, 6
699, Tiago Splitter, 0, 0, 0, 0, 0, 6, 0, 0, 0, 0, 0, 6
700, Malcolm Thomas, 0, 0, 0, 0, 0, 6, 0, 0, 0, 0, 0, 6
701, Chris Andersen, 0, 0, 0, 0, 0, 6, 0, 0, 0, 0, 0, 6
702, Jared Cunningham, 0, 0, 0, 0, 0, 6, 0, 0, 0, 0, 0, 6
703, Matthew Dellavedova, 0, 0, 0, 0, 0, 6, 0, 0, 0, 0, 0, 6
704, Leandro Barbosa, 0, 0, 0, 0, 0, 6, 0, 0, 0, 0, 0, 6
705, Josh Harrellson, 0, 0, 0, 0, 0, 6, 0, 0, 0, 0, 0, 6
706, Jarvis Varnado, 0, 0, 0, 0, 0, 6, 0, 0, 0, 0, 0, 6
707, Eddy Curry, 0, 0, 0, 0, 0, 6, 0, 0, 0, 0, 0, 6
708, Mickell Gladness, 0, 0, 0, 0, 0, 6, 0, 0, 0, 0, 0, 6
709, Ronny Turiaf, 0, 0, 0, 0, 0, 6, 0, 0, 0, 0, 0, 6
710, Alexis Ajinça, 0, 0, 0, 0, 0, 6, 0, 0, 0, 0, 0, 6
711, J.J. Barea, 0, 0, 0, 0, 0, 6, 0, 0, 0, 0, 0, 6
712, Rodrigue Beaubois, 0, 0, 0, 0, 0, 6, 0, 0, 0, 0, 0, 6
713, Corey Brewer, 0, 0, 0, 0, 0, 6, 0, 0, 0, 0, 0, 6
714, Brian Cardinal, 0, 0, 0, 0, 0, 6, 0, 0, 0, 0, 0, 6
715, Kostas Antetokounmpo, 0, 0, 0, 0, 0, 6, 0, 0, 0, 0, 0, 6
716, Brendan Haywood, 0, 0, 0, 0, 0, 6, 0, 0, 0, 0, 0, 6
717, Dominique Jones, 0, 0, 0, 0, 0, 6, 0, 0, 0, 0, 0, 6
718, Ian Mahinmi, 0, 0, 0, 0, 0, 6, 0, 0, 0, 0, 0, 6
719, Steve Novak, 0, 0, 0, 0, 0, 6, 0, 0, 0, 0, 0, 6
720, Sasha Pavlović, 0, 0, 0, 0, 0, 6, 0, 0, 0, 0, 0, 6
721, DeShawn Stevenson, 0, 0, 0, 0, 0, 6, 0, 0, 0, 0, 0, 6
722, Jason Terry, 0, 0, 0, 0, 0, 6, 0, 0, 0, 0, 0, 6
723, D.J. Wilson, 0, 0, 0, 0, 0, 6, 0, 0, 0, 0, 0, 6
724, Trevor Ariza, 0, 0, 0, 0, 0, 6, 0, 0, 0, 0, 0, 6
725, Chris Mihm, 0, 0, 0, 0, 0, 6, 0, 0, 0, 0, 0, 6
726, Vladimir Radmanović, 0, 0, 0, 0, 0, 6, 0, 0, 0, 0, 0, 6
727, Sun Yue, 0, 0, 0, 0, 0, 6, 0, 0, 0, 0, 0, 6
728, P.J. Tucker, 0, 0, 0, 0, 0, 6, 0, 0, 0, 0, 0, 6
729, Axel Toupane, 0, 0, 0, 0, 0, 6, 0, 0, 0, 0, 0, 6
730, Glen Davis, 0, 0, 0, 0, 0, 6, 0, 0, 0, 0, 0, 6
731, Eddie House, 0, 0, 0, 0, 0, 6, 0, 0, 0, 0, 0, 6
732, Kendrick Perkins, 0, 0, 0, 0, 0, 6, 0, 0, 0, 0, 0, 6
733, Scot Pollard, 0, 0, 0, 0, 0, 6, 0, 0, 0, 0, 0, 6
734, Leon Powe, 0, 0, 0, 0, 0, 6, 0, 0, 0, 0, 0, 6
735, Gabe Pruitt, 0, 0, 0, 0, 0, 6, 0, 0, 0, 0, 0, 6
736, Brian Scalabrine, 0, 0, 0, 0, 0, 6, 0, 0, 0, 0, 0, 6
737, Bobby Portis, 0, 0, 0, 0, 0, 6, 0, 0, 0, 0, 0, 6
738, Jackie Butler, 0, 0, 0, 0, 0, 6, 0, 0, 0, 0, 0, 6
739, Francisco Elson, 0, 0, 0, 0, 0, 6, 0, 0, 0, 0, 0, 6
740, Melvin Ely, 0, 0, 0, 0, 0, 6, 0, 0, 0, 0, 0, 6
741, Jordan Nwora, 0, 0, 0, 0, 0, 6, 0, 0, 0, 0, 0, 6
742, Fabricio Oberto, 0, 0, 0, 0, 0, 6, 0, 0, 0, 0, 0, 6
743, Jacque Vaughn, 0, 0, 0, 0, 0, 6, 0, 0, 0, 0, 0, 6
744, James White, 0, 0, 0, 0, 0, 6, 0, 0, 0, 0, 0, 6
745, Eric Williams, 0, 0, 0, 0, 0, 6, 0, 0, 0, 0, 0, 6
746, Derek Anderson, 0, 0, 0, 0, 0, 6, 0, 0, 0, 0, 0, 6
747, Shandon Anderson, 0, 0, 0, 0, 0, 6, 0, 0, 0, 0, 0, 6
748, Earl Barron, 0, 0, 0, 0, 0, 6, 0, 0, 0, 0, 0, 6
749, Michael Doleac, 0, 0, 0, 0, 0, 6, 0, 0, 0, 0, 0, 6
750, Gerald Fitch, 0, 0, 0, 0, 0, 6, 0, 0, 0, 0, 0, 6
751, Jason Kapono, 0, 0, 0, 0, 0, 6, 0, 0, 0, 0, 0, 6
752, Wayne Simien, 0, 0, 0, 0, 0, 6, 0, 0, 0, 0, 0, 6
753, Matt Walsh, 0, 0, 0, 0, 0, 6, 0, 0, 0, 0, 0, 6
754, Dion Glover, 0, 0, 0, 0, 0, 6, 0, 0, 0, 0, 0, 6
755, Linton Johnson, 0, 0, 0, 0, 0, 6, 0, 0, 0, 0, 0, 6
756, Sean Marks, 0, 0, 0, 0, 0, 6, 0, 0, 0, 0, 0, 6
757, Tony Massenburg, 0, 0, 0, 0, 0, 6, 0, 0, 0, 0, 0, 6
758, Nazr Mohammed, 0, 0, 0, 0, 0, 6, 0, 0, 0, 0, 0, 6
759, Rasho Nesterović, 0, 0, 0, 0, 0, 6, 0, 0, 0, 0, 0, 6
760, Mike Wilks, 0, 0, 0, 0, 0, 6, 0, 0, 0, 0, 0, 6
761, Chucky Atkins, 0, 0, 0, 0, 0, 6, 0, 0, 0, 0, 0, 6
762, Elden Campbell, 0, 0, 0, 0, 0, 6, 0, 0, 0, 0, 0, 6
763, Hubert Davis, 0, 0, 0, 0, 0, 6, 0, 0, 0, 0, 0, 6
764, Tremaine Fowlkes, 0, 0, 0, 0, 0, 6, 0, 0, 0, 0, 0, 6
765, Darvin Ham, 0, 0, 0, 0, 0, 6, 0, 0, 0, 0, 0, 6
766, Mike James, 0, 0, 0, 0, 0, 6, 0, 0, 0, 0, 0, 6
767, Darko Miličić, 0, 0, 0, 0, 0, 6, 0, 0, 0, 0, 0, 6
768, Željko Rebrača, 0, 0, 0, 0, 0, 6, 0, 0, 0, 0, 0, 6
769, Bob Sura, 0, 0, 0, 0, 0, 6, 0, 0, 0, 0, 0, 6
770, Corliss Williamson, 0, 0, 0, 0, 0, 6, 0, 0, 0, 0, 0, 6
771, Mengke Bateer, 0, 0, 0, 0, 0, 6, 0, 0, 0, 0, 0, 6
772, Speedy Claxton, 0, 0, 0, 0, 0, 6, 0, 0, 0, 0, 0, 6
773, Danny Ferry, 0, 0, 0, 0, 0, 6, 0, 0, 0, 0, 0, 6
774, Anthony Goldwire, 0, 0, 0, 0, 0, 6, 0, 0, 0, 0, 0, 6
775, Stephen Jackson, 0, 0, 0, 0, 0, 6, 0, 0, 0, 0, 0, 6
776, Joe Crispin, 0, 0, 0, 0, 0, 6, 0, 0, 0, 0, 0, 6
777, Jelani McCoy, 0, 0, 0, 0, 0, 6, 0, 0, 0, 0, 0, 6
778, Dorell Wright, 0, 0, 0, 0, 0, 6, 0, 0, 0, 0, 0, 6
779, Samaki Walker, 0, 0, 0, 0, 0, 6, 0, 0, 0, 0, 0, 6
780, Greg Foster, 0, 0, 0, 0, 0, 6, 0, 0, 0, 0, 0, 6
781, Sam Merrill, 0, 0, 0, 0, 0, 6, 0, 0, 0, 0, 0, 6
782, Isaiah Rider, 0, 0, 0, 0, 0, 6, 0, 0, 0, 0, 0, 6
783, John Celestand, 0, 0, 0, 0, 0, 6, 0, 0, 0, 0, 0, 6
784, Sam Jacobson, 0, 0, 0, 0, 0, 6, 0, 0, 0, 0, 0, 6
785, Travis Knight, 0, 0, 0, 0, 0, 6, 0, 0, 0, 0, 0, 6
786, Antonio Daniels, 0, 0, 0, 0, 0, 6, 0, 0, 0, 0, 0, 6
787, Andrew Gaze, 0, 0, 0, 0, 0, 6, 0, 0, 0, 0, 0, 6
788, Jaren Jackson, 0, 0, 0, 0, 0, 6, 0, 0, 0, 0, 0, 6
789, Avery Johnson, 0, 0, 0, 0, 0, 6, 0, 0, 0, 0, 0, 6
790, Jerome Kersey, 0, 0, 0, 0, 0, 6, 0, 0, 0, 0, 0, 6
791, Gerard King, 0, 0, 0, 0, 0, 6, 0, 0, 0, 0, 0, 6
792, Brandon Williams, 0, 0, 0, 0, 0, 6, 0, 0, 0, 0, 0, 6
793, Keith Booth, 0, 0, 0, 0, 0, 6, 0, 0, 0, 0, 0, 6
794, Scott Burrell, 0, 0, 0, 0, 0, 6, 0, 0, 0, 0, 0, 6
795, Joe Kleine, 0, 0, 0, 0, 0, 6, 0, 0, 0, 0, 0, 6
796, Rusty LaRue, 0, 0, 0, 0, 0, 6, 0, 0, 0, 0, 0, 6
797, David Vaughn, 0, 0, 0, 0, 0, 6, 0, 0, 0, 0, 0, 6
798, Bison Dele, 0, 0, 0, 0, 0, 6, 0, 0, 0, 0, 0, 6
799, Rodions Kurucs, 0, 0, 0, 0, 0, 6, 0, 0, 0, 0, 0, 6
800, Jack Haley, 0, 0, 0, 0, 0, 6, 0, 0, 0, 0, 0, 6
801, Tim Breaux, 0, 0, 0, 0, 0, 6, 0, 0, 0, 0, 0, 6
802, Chucky Brown, 0, 0, 0, 0, 0, 6, 0, 0, 0, 0, 0, 6
803, Adrian Caldwell, 0, 0, 0, 0, 0, 6, 0, 0, 0, 0, 0, 6
804, Pete Chilcutt, 0, 0, 0, 0, 0, 6, 0, 0, 0, 0, 0, 6
805, Charles Jones, 0, 0, 0, 0, 0, 6, 0, 0, 0, 0, 0, 6
806, Tracy Murray, 0, 0, 0, 0, 0, 6, 0, 0, 0, 0, 0, 6
807, Žan Tabak, 0, 0, 0, 0, 0, 6, 0, 0, 0, 0, 0, 6
808, Matt Bullard, 0, 0, 0, 0, 0, 6, 0, 0, 0, 0, 0, 6
809, Chris Jent, 0, 0, 0, 0, 0, 6, 0, 0, 0, 0, 0, 6
810, Richard Petruška, 0, 0, 0, 0, 0, 6, 0, 0, 0, 0, 0, 6
811, Eric Riley, 0, 0, 0, 0, 0, 6, 0, 0, 0, 0, 0, 6
812, Larry Robinson, 0, 0, 0, 0, 0, 6, 0, 0, 0, 0, 0, 6
813, Ricky Blanton, 0, 0, 0, 0, 0, 6, 0, 0, 0, 0, 0, 6
814, Joe Courtney, 0, 0, 0, 0, 0, 6, 0, 0, 0, 0, 0, 6
815, Jo Jo English, 0, 0, 0, 0, 0, 6, 0, 0, 0, 0, 0, 6
816, Ed Nealy, 0, 0, 0, 0, 0, 6, 0, 0, 0, 0, 0, 6
817, Matt Steigenga, 0, 0, 0, 0, 0, 6, 0, 0, 0, 0, 0, 6
818, Trent Tucker, 0, 0, 0, 0, 0, 6, 0, 0, 0, 0, 0, 6
819, Darrell Walker, 0, 0, 0, 0, 0, 6, 0, 0, 0, 0, 0, 6
820, Corey Williams, 0, 0, 0, 0, 0, 6, 0, 0, 0, 0, 0, 6
821, Bob Hansen, 0, 0, 0, 0, 0, 6, 0, 0, 0, 0, 0, 6
822, Mark Randall, 0, 0, 0, 0, 0, 6, 0, 0, 0, 0, 0, 6
823, Dave Greenwood, 0, 0, 0, 0, 0, 6, 0, 0, 0, 0, 0, 6
824, Scott Hastings, 0, 0, 0, 0, 0, 6, 0, 0, 0, 0, 0, 6
825, Stan Kimbrough, 0, 0, 0, 0, 0, 6, 0, 0, 0, 0, 0, 6
826, Ralph Lewis, 0, 0, 0, 0, 0, 6, 0, 0, 0, 0, 0, 6
827, Darryl Dawkins, 0, 0, 0, 0, 0, 6, 0, 0, 0, 0, 0, 6
828, Fennis Dembo, 0, 0, 0, 0, 0, 6, 0, 0, 0, 0, 0, 6
829, Steve Harris, 0, 0, 0, 0, 0, 6, 0, 0, 0, 0, 0, 6
830, John Long, 0, 0, 0, 0, 0, 6, 0, 0, 0, 0, 0, 6
831, Justin Jackson, 0, 0, 0, 0, 0, 6, 0, 0, 0, 0, 0, 6
832, Pace Mannion, 0, 0, 0, 0, 0, 6, 0, 0, 0, 0, 0, 6
833, Jim Rowinski, 0, 0, 0, 0, 0, 6, 0, 0, 0, 0, 0, 6
834, Tony Campbell, 0, 0, 0, 0, 0, 6, 0, 0, 0, 0, 0, 6
835, Bryn Forbes, 0, 0, 0, 0, 0, 6, 0, 0, 0, 0, 0, 6
836, Jeff Lamp, 0, 0, 0, 0, 0, 6, 0, 0, 0, 0, 0, 6
837, Ray Tolbert, 0, 0, 0, 0, 0, 6, 0, 0, 0, 0, 0, 6
838, Milt Wagner, 0, 0, 0, 0, 0, 6, 0, 0, 0, 0, 0, 6
839, Donte DiVincenzo, 0, 0, 0, 0, 0, 6, 0, 0, 0, 0, 0, 6
840, Adrian Branch, 0, 0, 0, 0, 0, 6, 0, 0, 0, 0, 0, 6
841, Frank Brickowski, 0, 0, 0, 0, 0, 6, 0, 0, 0, 0, 0, 6
842, Rick Carlisle, 0, 0, 0, 0, 0, 6, 0, 0, 0, 0, 0, 6
843, Mamadi Diakite, 0, 0, 0, 0, 0, 6, 0, 0, 0, 0, 0, 6
844, Jerry Sichting, 0, 0, 0, 0, 0, 6, 0, 0, 0, 0, 0, 6
845, David Thirdkill, 0, 0, 0, 0, 0, 6, 0, 0, 0, 0, 0, 6
846, Sam Vincent, 0, 0, 0, 0, 0, 6, 0, 0, 0, 0, 0, 6
847, Torrey Craig, 0, 0, 0, 0, 0, 6, 0, 0, 0, 0, 0, 6
848, Rory Sparrow, 0, 0, 0, 0, 0, 6, 0, 0, 0, 0, 0, 6
849, William Bedford, 0, 0, 0, 0, 0, 6, 0, 0, 0, 0, 0, 6
850, Earl Jones, 0, 0, 0, 0, 0, 6, 0, 0, 0, 0, 0, 6
851, Ronnie Lester, 0, 0, 0, 0, 0, 6, 0, 0, 0, 0, 0, 6
852, Larry Spriggs, 0, 0, 0, 0, 0, 6, 0, 0, 0, 0, 0, 6
853, Pat Connaughton, 0, 0, 0, 0, 0, 6, 0, 0, 0, 0, 0, 6
854, Elijah Bryant, 0, 0, 0, 0, 0, 6, 0, 0, 0, 0, 0, 6
855, Carlos Clark, 0, 0, 0, 0, 0, 6, 0, 0, 0, 0, 0, 6
856, D.J. Augustin, 0, 0, 0, 0, 0, 6, 0, 0, 0, 0, 0, 6
857, J.J. Anderson, 0, 0, 0, 0, 0, 6, 0, 0, 0, 0, 0, 6
858, Franklin Edwards, 0, 0, 0, 0, 0, 6, 0, 0, 0, 0, 0, 6
859, Marc Iavaroni, 0, 0, 0, 0, 0, 6, 0, 0, 0, 0, 0, 6
860, Clemon Johnson, 0, 0, 0, 0, 0, 6, 0, 0, 0, 0, 0, 6
861, Reggie Johnson, 0, 0, 0, 0, 0, 6, 0, 0, 0, 0, 0, 6
862, Mark McNamara, 0, 0, 0, 0, 0, 6, 0, 0, 0, 0, 0, 6
863, Clint Richardson, 0, 0, 0, 0, 0, 6, 0, 0, 0, 0, 0, 6
864, Russ Schoene, 0, 0, 0, 0, 0, 6, 0, 0, 0, 0, 0, 6
865, Thanasis Antetokounmpo, 0, 0, 0, 0, 0, 6, 0, 0, 0, 0, 0, 6
866, Clay Johnson, 0, 0, 0, 0, 0, 6, 0, 0, 0, 0, 0, 6
867, Eddie Jordan, 0, 0, 0, 0, 0, 6, 0, 0, 0, 0, 0, 6
868, Kevin McKenna, 0, 0, 0, 0, 0, 6, 0, 0, 0, 0, 0, 6
869, Terry Duerod, 0, 0, 0, 0, 0, 6, 0, 0, 0, 0, 0, 6
870, Eric Fernsten, 0, 0, 0, 0, 0, 6, 0, 0, 0, 0, 0, 6
871, Chris Ford, 0, 0, 0, 0, 0, 6, 0, 0, 0, 0, 0, 6
872, Wayne Kreklow, 0, 0, 0, 0, 0, 6, 0, 0, 0, 0, 0, 6
873, Rick Robey, 0, 0, 0, 0, 0, 6, 0, 0, 0, 0, 0, 6
874, Ron Boone, 0, 0, 0, 0, 0, 6, 0, 0, 0, 0, 0, 6
875, Marty Byrnes, 0, 0, 0, 0, 0, 6, 0, 0, 0, 0, 0, 6
876, Kenny Carr, 0, 0, 0, 0, 0, 6, 0, 0, 0, 0, 0, 6
877, Jim Chones, 0, 0, 0, 0, 0, 6, 0, 0, 0, 0, 0, 6
878, Don Ford, 0, 0, 0, 0, 0, 6, 0, 0, 0, 0, 0, 6
879, Brad Holland, 0, 0, 0, 0, 0, 6, 0, 0, 0, 0, 0, 6
880, Sly Williams, 0, 0, 0, 0, 0, 6, 0, 0, 0, 0, 0, 6
881, Dennis Awtrey, 0, 0, 0, 0, 0, 6, 0, 0, 0, 0, 0, 6
882, Jaylen Adams, 0, 0, 0, 0, 0, 6, 0, 0, 0, 0, 0, 6
883, Lars Hansen, 0, 0, 0, 0, 0, 6, 0, 0, 0, 0, 0, 6
884, Joe Hassett, 0, 0, 0, 0, 0, 6, 0, 0, 0, 0, 0, 6
885, Tom LaGarde, 0, 0, 0, 0, 0, 6, 0, 0, 0, 0, 0, 6
886, Jackie Robinson, 0, 0, 0, 0, 0, 6, 0, 0, 0, 0, 0, 6
887, Dick Snyder, 0, 0, 0, 0, 0, 6, 0, 0, 0, 0, 0, 6
888, Greg Ballard, 0, 0, 0, 0, 0, 6, 0, 0, 0, 0, 0, 6
889, Kevin Grevey, 0, 0, 0, 0, 0, 6, 0, 0, 0, 0, 0, 6
890, Tom Henderson, 0, 0, 0, 0, 0, 6, 0, 0, 0, 0, 0, 6
891, Joe Pace, 0, 0, 0, 0, 0, 6, 0, 0, 0, 0, 0, 6
892, Phil Walker, 0, 0, 0, 0, 0, 6, 0, 0, 0, 0, 0, 6
893, Larry Wright, 0, 0, 0, 0, 0, 6, 0, 0, 0, 0, 0, 6
894, Corky Calhoun, 0, 0, 0, 0, 0, 6, 0, 0, 0, 0, 0, 6
895, Johnny Davis, 0, 0, 0, 0, 0, 6, 0, 0, 0, 0, 0, 6
896, Herm Gilliam, 0, 0, 0, 0, 0, 6, 0, 0, 0, 0, 0, 6
897, Quinndary Weatherspoon, 0, 0, 0, 0, 0, 6, 0, 0, 0, 0, 0, 6
898, Butch Lee, 0, 0, 0, 0, 0, 6, 0, 0, 0, 0, 0, 6
899, Robin Jones, 0, 0, 0, 0, 0, 6, 0, 0, 0, 0, 0, 6
900, Clyde Mayes, 0, 0, 0, 0, 0, 6, 0, 0, 0, 0, 0, 6
901, Lloyd Neal, 0, 0, 0, 0, 0, 6, 0, 0, 0, 0, 0, 6
902, Larry Steele, 0, 0, 0, 0, 0, 6, 0, 0, 0, 0, 0, 6
903, Dave Twardzik, 0, 0, 0, 0, 0, 6, 0, 0, 0, 0, 0, 6
904, Jerome Anderson, 0, 0, 0, 0, 0, 6, 0, 0, 0, 0, 0, 6
905, Jim Ard, 0, 0, 0, 0, 0, 6, 0, 0, 0, 0, 0, 6
906, Tom Boswell, 0, 0, 0, 0, 0, 6, 0, 0, 0, 0, 0, 6
907, Glenn McDonald, 0, 0, 0, 0, 0, 6, 0, 0, 0, 0, 0, 6
908, Ollie Mack, 0, 0, 0, 0, 0, 6, 0, 0, 0, 0, 0, 6
909, Juan Toscano-Anderson, 0, 0, 0, 0, 0, 6, 0, 0, 0, 0, 0, 6
910, Steve Bracey, 0, 0, 0, 0, 0, 6, 0, 0, 0, 0, 0, 6
911, Derrek Dickey, 0, 0, 0, 0, 0, 6, 0, 0, 0, 0, 0, 6
912, Charles Dudley, 0, 0, 0, 0, 0, 6, 0, 0, 0, 0, 0, 6
913, Frank Kendrick, 0, 0, 0, 0, 0, 6, 0, 0, 0, 0, 0, 6
914, Clifford Ray, 0, 0, 0, 0, 0, 6, 0, 0, 0, 0, 0, 6
915, Steve Downing, 0, 0, 0, 0, 0, 6, 0, 0, 0, 0, 0, 6
916, Hank Finkel, 0, 0, 0, 0, 0, 6, 0, 0, 0, 0, 0, 6
917, Phil Hankinson, 0, 0, 0, 0, 0, 6, 0, 0, 0, 0, 0, 6
918, Otto Porter Jr., 0, 0, 0, 0, 0, 6, 0, 0, 0, 0, 0, 6
919, Henry Bibby, 0, 0, 0, 0, 0, 6, 0, 0, 0, 0, 0, 6
920, Jordan Poole, 0, 0, 0, 0, 0, 6, 0, 0, 0, 0, 0, 6
921, John Gianelli, 0, 0, 0, 0, 0, 6, 0, 0, 0, 0, 0, 6
922, Phil Jackson, 0, 0, 0, 0, 0, 6, 0, 0, 0, 0, 0, 6
923, Dean Meminger, 0, 0, 0, 0, 0, 6, 0, 0, 0, 0, 0, 6
924, Gary Payton II, 0, 0, 0, 0, 0, 6, 0, 0, 0, 0, 0, 6
925, Luther Rackley, 0, 0, 0, 0, 0, 6, 0, 0, 0, 0, 0, 6
926, Tom Riker, 0, 0, 0, 0, 0, 6, 0, 0, 0, 0, 0, 6
927, Harthorne Wingo, 0, 0, 0, 0, 0, 6, 0, 0, 0, 0, 0, 6
928, Leroy Ellis, 0, 0, 0, 0, 0, 6, 0, 0, 0, 0, 0, 6
929, Keith Erickson, 0, 0, 0, 0, 0, 6, 0, 0, 0, 0, 0, 6
930, Moses Moody, 0, 0, 0, 0, 0, 6, 0, 0, 0, 0, 0, 6
931, Pat Riley, 0, 0, 0, 0, 0, 6, 0, 0, 0, 0, 0, 6
932, John Trapp, 0, 0, 0, 0, 0, 6, 0, 0, 0, 0, 0, 6
933, Ed Searcy, 0, 0, 0, 0, 0, 6, 0, 0, 0, 0, 0, 6
934, Kevin Stacom, 0, 0, 0, 0, 0, 6, 0, 0, 0, 0, 0, 6
935, Art Williams, 0, 0, 0, 0, 0, 6, 0, 0, 0, 0, 0, 6
936, Jim McMillian, 0, 0, 0, 0, 0, 6, 0, 0, 0, 0, 0, 6
937, Dick Cunningham, 0, 0, 0, 0, 0, 6, 0, 0, 0, 0, 0, 6
938, Gary Freeman, 0, 0, 0, 0, 0, 6, 0, 0, 0, 0, 0, 6
939, Bob Greacen, 0, 0, 0, 0, 0, 6, 0, 0, 0, 0, 0, 6
940, McCoy McLemore, 0, 0, 0, 0, 0, 6, 0, 0, 0, 0, 0, 6
941, Greg Smith, 0, 0, 0, 0, 0, 6, 0, 0, 0, 0, 0, 6
942, Jeff Webb, 0, 0, 0, 0, 0, 6, 0, 0, 0, 0, 0, 6
943, Marv Winkler, 0, 0, 0, 0, 0, 6, 0, 0, 0, 0, 0, 6
944, Bill Zopf, 0, 0, 0, 0, 0, 6, 0, 0, 0, 0, 0, 6
945, Billy Knight, 0, 0, 0, 0, 0, 0, 0, 0, 0, 0, 6, 6
946, Brian Winters, 0, 0, 0, 0, 0, 0, 0, 0, 0, 0, 6, 6
947, Jack Marin, 0, 0, 0, 0, 0, 0, 0, 0, 0, 0, 6, 6
948, Jimmy Walker, 0, 0, 0, 0, 0, 0, 0, 0, 0, 0, 6, 6
949, Jim Price, 0, 0, 0, 0, 0, 0, 0, 0, 3, 0, 3, 6
950, Don Kojis, 0, 0, 0, 0, 0, 0, 0, 0, 0, 0, 6, 6
951, Larry Kenon, 0, 0, 0, 0, 0, 0, 0, 0, 0, 0, 6, 6
952, Hot Rod Hundley, 0, 0, 0, 0, 0, 0, 0, 0, 0, 0, 6, 6
953, Kenny Sears, 0, 0, 0, 0, 0, 0, 0, 0, 0, 0, 6, 6
954, Dike Eddleman, 0, 0, 0, 0, 0, 0, 0, 0, 0, 0, 6, 6
955, Al Cervi, 0, 0, 0, 0, 0, 0, 0, 0, 0, 6, 0, 6
956, Matisse Thybulle, 0, 0, 0, 0, 0, 0, 0, 0, 6, 0, 0, 6
957, Derrick McKey, 0, 0, 0, 0, 0, 0, 0, 0, 6, 0, 0, 6
958, Derek Harper, 0, 0, 0, 0, 0, 0, 0, 0, 6, 0, 0, 6
959, Troy Daniels, 0, 0, 0, 0, 0, 6, 0, 0, 0, 0, 0, 6
960, Jared Dudley, 0, 0, 0, 0, 0, 6, 0, 0, 0, 0, 0, 6
961, Damion Lee, 0, 0, 0, 0, 0, 6, 0, 0, 0, 0, 0, 6
962, Kyle Kuzma, 0, 0, 0, 0, 0, 6, 0, 0, 0, 0, 0, 6
963, Markieff Morris, 0, 0, 0, 0, 0, 6, 0, 0, 0, 0, 0, 6
964, Zach Norvell, 0, 0, 0, 0, 0, 6, 0, 0, 0, 0, 0, 6
965, Ted McClain, 0, 0, 0, 0, 0, 0, 0, 0, 5, 0, 0, 5
966, Wil Jones, 0, 0, 0, 0, 0, 0, 0, 0, 5, 0, 0, 5
967, Dale Ellis, 0, 0, 0, 0, 0, 0, 0, 0, 0, 2, 3, 5
968, Elfrid Payton, 0, 5, 0, 0, 0, 0, 0, 0, 0, 0, 0, 5
969, Michael Redd, 0, 0, 0, 0, 0, 0, 0, 0, 0, 2, 3, 5
970, Robert Covington, 0, 0, 0, 0, 0, 0, 0, 0, 5, 0, 0, 5
971, Jamal Mashburn, 0, 0, 0, 0, 0, 0, 0, 0, 0, 2, 3, 5
972, Goran Dragić, 0, 0, 0, 0, 0, 0, 0, 0, 0, 2, 3, 5
973, Sam Lacey, 0, 0, 2, 0, 0, 0, 0, 0, 0, 0, 3, 5
974, Larry Hughes, 0, 0, 0, 0, 0, 0, 0, 0, 5, 0, 0, 5
975, Jaren Jackson Jr., 0, 0, 0, 0, 0, 0, 0, 0, 5, 0, 0, 5
976, Antonio McDyess, 0, 0, 0, 0, 0, 0, 0, 0, 0, 2, 3, 5
977, Mikal Bridges, 0, 0, 0, 0, 0, 0, 0, 0, 5, 0, 0, 5
978, Jim King, 0, 0, 0, 0, 0, 0, 0, 0, 0, 0, 3, 3
979, Chris Gatling, 0, 0, 0, 0, 0, 0, 0, 0, 0, 0, 3, 3
980, Darrall Imhoff, 0, 0, 0, 0, 0, 0, 0, 0, 0, 0, 3, 3
981, Adrian Smith, 0, 0, 0, 0, 0, 0, 0, 0, 0, 0, 3, 3
982, Eddie Miles, 0, 0, 0, 0, 0, 0, 0, 0, 0, 0, 3, 3
983, Christian Laettner, 0, 0, 0, 0, 0, 0, 0, 0, 0, 0, 3, 3
984, Len Chappell, 0, 0, 0, 0, 0, 0, 0, 0, 0, 0, 3, 3
985, Jayson Williams, 0, 0, 0, 0, 0, 0, 0, 0, 0, 0, 3, 3
986, Lee Shaffer, 0, 0, 0, 0, 0, 0, 0, 0, 0, 0, 3, 3
987, Rik Smits, 0, 0, 0, 0, 0, 0, 0, 0, 0, 0, 3, 3
988, Tom Meschery, 0, 0, 0, 0, 0, 0, 0, 0, 0, 0, 3, 3
989, Dudley Bradley, 0, 0, 0, 0, 0, 0, 0, 0, 3, 0, 0, 3
990, Dale Davis, 0, 0, 0, 0, 0, 0, 0, 0, 0, 0, 3, 3
991, Chuck Noble, 0, 0, 0, 0, 0, 0, 0, 0, 0, 0, 3, 3
992, Vlade Divac, 0, 0, 0, 0, 0, 0, 0, 0, 0, 0, 3, 3
993, Nat Clifton, 0, 0, 0, 0, 0, 0, 0, 0, 0, 0, 3, 3
994, Richie Regan, 0, 0, 0, 0, 0, 0, 0, 0, 0, 0, 3, 3
995, Ray Felix, 0, 0, 0, 0, 0, 0, 0, 0, 0, 0, 3, 3
996, Jack Molinas, 0, 0, 0, 0, 0, 0, 0, 0, 0, 0, 3, 3
997, Don Sunderlage, 0, 0, 0, 0, 0, 0, 0, 0, 0, 0, 3, 3
998, Don Barksdale, 0, 0, 0, 0, 0, 0, 0, 0, 0, 0, 3, 3
999, Wally Szczerbiak, 0, 0, 0, 0, 0, 0, 0, 0, 0, 0, 3, 3
1000, Shareef Abdur-Rahim, 0, 0, 0, 0, 0, 0, 0, 0, 0, 0, 3, 3
1001, Devin Harris, 0, 0, 0, 0, 0, 0, 0, 0, 0, 0, 3, 3
1002, Emeka Okafor, 0, 0, 3, 0, 0, 0, 0, 0, 0, 0, 0, 3
1003, Vince Boryla, 0, 0, 0, 0, 0, 0, 0, 0, 0, 0, 3, 3
1004, Thabo Sefolosha, 0, 0, 0, 0, 0, 0, 0, 0, 3, 0, 0, 3
1005, Kenyon Martin, 0, 0, 0, 0, 0, 0, 0, 0, 0, 0, 3, 3
1006, Jamaal Magloire, 0, 0, 0, 0, 0, 0, 0, 0, 0, 0, 3, 3
1007, Josh Howard, 0, 0, 0, 0, 0, 0, 0, 0, 0, 0, 3, 3
1008, Jameer Nelson, 0, 0, 0, 0, 0, 0, 0, 0, 0, 0, 3, 3
1009, Danny Granger, 0, 0, 0, 0, 0, 0, 0, 0, 0, 0, 3, 3
1010, Chris Kaman, 0, 0, 0, 0, 0, 0, 0, 0, 0, 0, 3, 3
1011, Josh Smith, 0, 0, 0, 0, 0, 0, 0, 0, 3, 0, 0, 3
1012, Kyle Korver, 0, 0, 0, 0, 0, 0, 0, 0, 0, 0, 3, 3
1013, Gordon Hayward, 0, 0, 0, 0, 0, 0, 0, 0, 0, 0, 3, 3
1014, Robert Williams, 0, 0, 0, 0, 0, 0, 0, 0, 3, 0, 0, 3
1015, Kristaps Porziņģis, 0, 0, 0, 0, 0, 0, 0, 0, 0, 0, 3, 3
1016, Andre Roberson, 0, 0, 0, 0, 0, 0, 0, 0, 3, 0, 0, 3
1017, D'Angelo Russell, 0, 0, 0, 0, 0, 0, 0, 0, 0, 0, 3, 3
1018, Kirk Hinrich, 0, 0, 0, 0, 0, 0, 0, 0, 3, 0, 0, 3
1019, Brandon Ingram, 0, 0, 0, 0, 0, 0, 0, 0, 0, 0, 3, 3
1020, Eric Snow, 0, 0, 0, 0, 0, 0, 0, 0, 3, 0, 0, 3
1021, Jaylen Brown, 0, 0, 0, 0, 0, 0, 0, 0, 0, 0, 3, 3
1022, Bobby Phills, 0, 0, 0, 0, 0, 0, 0, 0, 3, 0, 0, 3
1023, Zion Williamson, 0, 0, 0, 0, 0, 0, 0, 0, 0, 0, 3, 3
1024, Antonio Davis, 0, 0, 0, 0, 0, 0, 0, 0, 0, 0, 3, 3
1025, Rickey Green, 0, 0, 0, 0, 0, 0, 0, 0, 0, 0, 3, 3
1026, Calvin Natt, 0, 0, 0, 0, 0, 0, 0, 0, 0, 0, 3, 3
1027, Sleepy Floyd, 0, 0, 0, 0, 0, 0, 0, 0, 0, 0, 3, 3
1028, Joe Barry Carroll, 0, 0, 0, 0, 0, 0, 0, 0, 0, 0, 3, 3
1029, Xavier McDaniel, 0, 0, 0, 0, 0, 0, 0, 0, 0, 0, 3, 3
1030, Steve Johnson, 0, 0, 0, 0, 0, 0, 0, 0, 0, 0, 3, 3
1031, Calvin Murphy, 0, 0, 0, 0, 0, 0, 0, 0, 0, 0, 3, 3
1032, Campy Russell, 0, 0, 0, 0, 0, 0, 0, 0, 0, 0, 3, 3
1033, James Donaldson, 0, 0, 0, 0, 0, 0, 0, 0, 0, 0, 3, 3
1034, John Block, 0, 0, 0, 0, 0, 0, 0, 0, 0, 0, 3, 3
1035, Manute Bol, 0, 0, 0, 0, 0, 0, 0, 0, 3, 0, 0, 3
1036, Reggie Lewis, 0, 0, 0, 0, 0, 0, 0, 0, 0, 0, 3, 3
1037, Cedric Ceballos, 0, 0, 0, 0, 0, 0, 0, 0, 0, 0, 3, 3
1038, Tyrone Hill, 0, 0, 0, 0, 0, 0, 0, 0, 0, 0, 3, 3
1039, Danny Vranes, 0, 0, 0, 0, 0, 0, 0, 0, 3, 0, 0, 3
1040, Dana Barros, 0, 0, 0, 0, 0, 0, 0, 0, 0, 0, 3, 3
1041, Darius Garland, 0, 0, 0, 0, 0, 0, 0, 0, 0, 0, 3, 3
1042, Tom Gugliotta, 0, 0, 0, 0, 0, 0, 0, 0, 0, 0, 3, 3
1043, Bob Rule, 0, 0, 0, 0, 0, 0, 0, 0, 0, 0, 3, 3
1044, Jarrett Allen, 0, 0, 0, 0, 0, 0, 0, 0, 0, 0, 3, 3
1045, LaMelo Ball, 0, 0, 0, 0, 0, 0, 0, 0, 0, 0, 3, 3
1046, Walt Hazzard, 0, 0, 0, 0, 0, 0, 0, 0, 0, 0, 3, 3
1047, Austin Carr, 0, 0, 0, 0, 0, 0, 0, 0, 0, 0, 3, 3
1048, Jeff Hornacek, 0, 0, 0, 0, 0, 0, 0, 0, 0, 0, 3, 3
1049, Doc Rivers, 0, 0, 0, 0, 0, 0, 0, 0, 0, 0, 3, 3
1050, Bill Hanzlik, 0, 0, 0, 0, 0, 0, 0, 0, 3, 0, 0, 3
1051, Alvan Adams, 0, 0, 0, 0, 0, 0, 0, 0, 0, 0, 3, 3
1052, Curtis Rowe, 0, 0, 0, 0, 0, 0, 0, 0, 0, 0, 3, 3
1053, Steve Mix, 0, 0, 0, 0, 0, 0, 0, 0, 0, 0, 3, 3
1054, Ricky Pierce, 0, 0, 0, 0, 0, 0, 0, 0, 0, 0, 3, 3
1055, Hersey Hawkins, 0, 0, 0, 0, 0, 0, 0, 0, 0, 0, 3, 3
1056, Brandon Jennings, 0, 2, 0, 0, 0, 0, 0, 0, 0, 0, 0, 2
1057, Dražen Petrović, 0, 0, 0, 0, 0, 0, 0, 0, 0, 2, 0, 2

